"query","matched_name","ott_id","approx_match","flags","in_tree"
"aaosphaeria arxii","Aaosphaeria arxii",4078356,FALSE,"",TRUE
"abrus precatorius","Abrus precatorius (species in kingdom Archaeplastida)",39530,FALSE,"",TRUE
"acanthamoeba castellanii","Acanthamoeba castellanii",120245,FALSE,"sibling_higher",TRUE
"acanthaster planci","Acanthaster planci",926817,FALSE,"",TRUE
"acanthisitta chloris","Acanthisitta chloris",1085740,FALSE,"",TRUE
"acanthochromis polyacanthus","Acanthochromis polyacanthus",100410,FALSE,"incertae_sedis_inherited",FALSE
"acaromyces ingoldii","Acaromyces ingoldii",812087,FALSE,"",TRUE
"acinonyx jubatus","Acinonyx jubatus",752759,FALSE,"",TRUE
"acipenser ruthenus","Acipenser ruthenus",378930,FALSE,"",TRUE
"acromyrmex echinatior","Acromyrmex echinatior",735589,FALSE,"",TRUE
"acropora digitifera","Acropora digitifera",366634,FALSE,"",TRUE
"acropora millepora","Acropora millepora (species in domain Eukaryota)",718262,FALSE,"",TRUE
"actinia tenebrosa","Actinia tenebrosa",1084477,FALSE,"sibling_higher",TRUE
"acyrthosiphon pisum","Acyrthosiphon pisum",814484,FALSE,"sibling_higher",TRUE
"acytostelium subglobosum","Acytostelium subglobosum",351265,FALSE,"",TRUE
"aedes aegypti","Aedes aegypti",269666,FALSE,"",TRUE
"aedes albopictus","Aedes albopictus",793181,FALSE,"",TRUE
"aethina tumida","Aethina tumida",989691,FALSE,"",TRUE
"agaricus bisporus","Agaricus bisporus",564405,FALSE,"",TRUE
"agrilus planipennis","Agrilus planipennis",315327,FALSE,"",TRUE
"ailuropoda melanoleuca","Ailuropoda melanoleuca",872573,FALSE,"",TRUE
"alligator mississippiensis","Alligator mississippiensis",335590,FALSE,"",TRUE
"alligator sinensis","Alligator sinensis",953151,FALSE,"",TRUE
"alternaria alternata","Alternaria alternata",464784,FALSE,"sibling_higher",TRUE
"alternaria arborescens","Alternaria arborescens",657440,FALSE,"sibling_higher",TRUE
"amblyraja radiata","Amblyraja radiata",513579,FALSE,"",TRUE
"amborella trichopoda","Amborella trichopoda",303950,FALSE,"",TRUE
"amorphotheca resinae","Amorphotheca resinae",552017,FALSE,"major_rank_conflict_inherited",FALSE
"amphimedon queenslandica","Amphimedon queenslandica",707499,FALSE,"",TRUE
"amphiprion ocellaris","Amphiprion ocellaris",674643,FALSE,"incertae_sedis_inherited",FALSE
"amyelois transitella","Amyelois transitella",721898,FALSE,"",TRUE
"anabas testudineus","Anabas testudineus",896431,FALSE,"",TRUE
"ananas comosus","Ananas comosus",627039,FALSE,"",TRUE
"anarrhichthys ocellatus","Anarrhichthys ocellatus",714035,FALSE,"",TRUE
"anas platyrhynchos","Anas platyrhynchos",765167,FALSE,"sibling_higher",TRUE
"anneissia japonica","Anneissia japonica",73461,FALSE,"",TRUE
"anolis carolinensis","Anolis carolinensis",705356,FALSE,"",TRUE
"anopheles gambiae","Anopheles gambiae",553555,FALSE,"",TRUE
"anoplophora glabripennis","Anoplophora glabripennis",827047,FALSE,"",TRUE
"anser cygnoides","Anser cygnoides",190892,FALSE,"",TRUE
"anthracocystis flocculosa","Pseudozyma flocculosa",548806,FALSE,"sibling_higher",TRUE
"antrostomus carolinensis","Antrostomus carolinensis",416426,FALSE,"",TRUE
"aotus nancymaae","Aotus nancymaae",913299,FALSE,"",TRUE
"apaloderma vittatum","Apaloderma vittatum",291857,FALSE,"",TRUE
"aphanomyces astaci","Aphanomyces astaci",1008855,FALSE,"",TRUE
"aphanomyces invadans","Aphanomyces invadans",564253,FALSE,"",TRUE
"aphantopus hyperantus","Aphantopus hyperantus",495344,FALSE,"",TRUE
"aphis gossypii","Aphis gossypii",1026471,FALSE,"sibling_higher",TRUE
"apiotrichum porosum","Apiotrichum porosum",460794,FALSE,"sibling_higher",TRUE
"apis cerana","Apis cerana",625771,FALSE,"",TRUE
"apis dorsata","Apis dorsata",625767,FALSE,"",TRUE
"apis florea","Apis florea",461631,FALSE,"",TRUE
"apis mellifera","Apis mellifera (species in domain Eukaryota)",461645,FALSE,"",TRUE
"aplosporella prunicola","Aplosporella prunicola",545914,FALSE,"",TRUE
"aplysia californica","Aplysia californica",51009,FALSE,"",TRUE
"aptenodytes forsteri","Aptenodytes forsteri",494370,FALSE,"",TRUE
"apteryx mantelli","Apteryx australis mantelli",748998,FALSE,"infraspecific",TRUE
"apteryx rowi","Apteryx rowi",165688,FALSE,"",TRUE
"aquila chrysaetos","Aquila chrysaetos",263127,FALSE,"",TRUE
"arabidopsis lyrata","Arabidopsis lyrata",840257,FALSE,"",TRUE
"arabidopsis thaliana","Arabidopsis thaliana",309263,FALSE,"",TRUE
"arachis duranensis","Arachis duranensis",607569,FALSE,"",TRUE
"arachis hypogaea","Arachis hypogaea",39541,FALSE,"",TRUE
"arachis ipaensis","Arachis ipaensis",607559,FALSE,"",TRUE
"archocentrus centrarchus","Archocentrus centrarchus",245402,FALSE,"",TRUE
"arthrobotrys oligospora","Arthrobotrys oligospora",776710,FALSE,"",TRUE
"arthroderma uncinatum","Trichophyton ajelloi",191103,FALSE,"sibling_higher",TRUE
"ascoidea rubescens","Ascoidea rubescens",564940,FALSE,"",TRUE
"asparagus officinalis","Asparagus officinalis",748359,FALSE,"",TRUE
"aspergillus aculeatinus","Aspergillus aculeatinus",882506,FALSE,"",TRUE
"aspergillus aculeatus","Aspergillus aculeatus",277140,FALSE,"",TRUE
"aspergillus alliaceus","Aspergillus alliaceus",433009,FALSE,"",TRUE
"aspergillus bombycis","Aspergillus bombycis",988274,FALSE,"",TRUE
"aspergillus brunneoviolaceus","Aspergillus brunneoviolaceus",248222,FALSE,"",TRUE
"aspergillus caelatus","Aspergillus caelatus",138162,FALSE,"",TRUE
"aspergillus campestris","Aspergillus campestris",938955,FALSE,"",TRUE
"aspergillus candidus","Aspergillus candidus",938961,FALSE,"",TRUE
"aspergillus clavatus","Aspergillus clavatus",550765,FALSE,"",TRUE
"aspergillus costaricaensis","Aspergillus costaricensis",1037995,FALSE,"",TRUE
"aspergillus eucalypticola","Aspergillus eucalypticola",307022,FALSE,"",TRUE
"aspergillus fischeri","Aspergillus fischeri",890958,FALSE,"",TRUE
"aspergillus flavus","Aspergillus flavus",188996,FALSE,"",TRUE
"aspergillus fumigatus","Aspergillus fumigatus",278828,FALSE,"",TRUE
"aspergillus glaucus","Aspergillus glaucus",560551,FALSE,"",TRUE
"aspergillus heteromorphus","Aspergillus heteromorphus",805972,FALSE,"",TRUE
"aspergillus homomorphus","Aspergillus homomorphus",577682,FALSE,"",TRUE
"aspergillus ibericus","Aspergillus ibericus",564384,FALSE,"",TRUE
"aspergillus japonicus","Aspergillus japonicus",22935,FALSE,"",TRUE
"aspergillus lentulus","Aspergillus lentulus",487007,FALSE,"",TRUE
"aspergillus mulundensis","Aspergillus mulundensis",5695892,FALSE,"",TRUE
"aspergillus neoniger","Aspergillus neoniger",194032,FALSE,"",TRUE
"aspergillus nidulans","Aspergillus nidulans",117339,FALSE,"",TRUE
"aspergillus niger","Aspergillus niger",120377,FALSE,"",TRUE
"aspergillus nomiae","Aspergillus dromiae",8004222,TRUE,"",TRUE
"aspergillus novofumigatus","Aspergillus novofumigatus",151914,FALSE,"",TRUE
"aspergillus oryzae","Aspergillus flavus",188996,FALSE,"",TRUE
"aspergillus piperis","Aspergillus piperis",1037994,FALSE,"",TRUE
"aspergillus pseudonomius","Aspergillus pseudonomius",951807,FALSE,"",TRUE
"aspergillus pseudotamarii","Aspergillus pseudotamarii",315200,FALSE,"",TRUE
"aspergillus saccharolyticus","Aspergillus saccharolyticus",5310609,FALSE,"",TRUE
"aspergillus sclerotioniger","Aspergillus sclerotioniger",577681,FALSE,"",TRUE
"aspergillus steynii","Aspergillus steynii",581926,FALSE,"",TRUE
"aspergillus tanneri","Aspergillus tanneri",508390,FALSE,"",TRUE
"aspergillus terreus","Aspergillus terreus",104248,FALSE,"",TRUE
"aspergillus thermomutatus","Aspergillus fischeri",890958,FALSE,"",TRUE
"aspergillus uvarum","Aspergillus uvarum",1091699,FALSE,"",TRUE
"aspergillus vadensis","Aspergillus vadensis",190197,FALSE,"",TRUE
"aspergillus welwitschiae","Aspergillus niger",120377,FALSE,"",TRUE
"astatotilapia calliptera","Astatotilapia calliptera",710017,FALSE,"",TRUE
"asterias rubens","Asterias rubens",721252,FALSE,"",TRUE
"astyanax mexicanus","Astyanax mexicanus",701518,FALSE,"",TRUE
"athalia rosae","Athalia rosae",106278,FALSE,"",TRUE
"athene cunicularia","Athene cunicularia",944695,FALSE,"sibling_higher",TRUE
"atta cephalotes","Atta cephalotes",709966,FALSE,"",TRUE
"atta colombica","Atta colombica",717333,FALSE,"",TRUE
"aureobasidium namibiae","Aureobasidium pullulans",61554,FALSE,"",TRUE
"aureobasidium pullulans","Aureobasidium pullulans",61554,FALSE,"",TRUE
"aureobasidium subglaciale","Aureobasidium pullulans",61554,FALSE,"",TRUE
"aureococcus anophagefferens","Aureococcus anophagefferens",533286,FALSE,"",TRUE
"auricularia subglabra","Auricularia subglabra",4935361,FALSE,"",TRUE
"austrofundulus limnaeus","Austrofundulus limnaeus",495268,FALSE,"",TRUE
"auxenochlorella protothecoides","Auxenochlorella protothecoides",339027,FALSE,"",TRUE
"aythya fuligula","Aythya fuligula",817992,FALSE,"",TRUE
"babesia bigemina","Babesia bigemina",826550,FALSE,"",TRUE
"babesia bovis","Babesia bovis",826545,FALSE,"",TRUE
"babesia microti","Babesia microti",826544,FALSE,"",TRUE
"babesia ovata","Babesia ovata",488545,FALSE,"",TRUE
"babjeviella inositovora","Babjeviella inositovora",337190,FALSE,"",TRUE
"bactrocera dorsalis","Bactrocera dorsalis",446866,FALSE,"",TRUE
"bactrocera latifrons","Bactrocera latifrons",672210,FALSE,"",TRUE
"bactrocera oleae","Bactrocera oleae",702964,FALSE,"",TRUE
"balearica regulorum","Balearica regulorum",191006,FALSE,"",TRUE
"bathycoccus prasinos","Bathycoccus prasinos",698291,FALSE,"",TRUE
"batrachochytrium dendrobatidis","Batrachochytrium dendrobatidis",858873,FALSE,"major_rank_conflict_inherited",FALSE
"baudoinia panamericana","Baudoinia panamericana",5715077,FALSE,"",TRUE
"beauveria bassiana","Beauveria bassiana",859705,FALSE,"",TRUE
"belonocnema treatae","Belonocnema treatae",822052,FALSE,"",TRUE
"bemisia tabaci","Bemisia tabaci",290577,FALSE,"",TRUE
"besnoitia besnoiti","Besnoitia besnoiti",849524,FALSE,"",TRUE
"beta vulgaris","Beta vulgaris",273185,FALSE,"",TRUE
"betta splendens","Betta splendens",1033356,FALSE,"",TRUE
"bicyclus anynana","Bicyclus anynana",559934,FALSE,"",TRUE
"bigelowiella natans","Bigelowiella natans",5260606,FALSE,"",TRUE
"biomphalaria glabrata","Biomphalaria glabrata",673791,FALSE,"sibling_higher",TRUE
"bipolaris maydis","Bipolaris maydis",1042273,FALSE,"",TRUE
"bipolaris oryzae","Bipolaris oryzae",448808,FALSE,"",TRUE
"bipolaris sorokiniana","Bipolaris sorokiniana",204741,FALSE,"",TRUE
"bipolaris victoriae","Bipolaris victoriae",779625,FALSE,"",TRUE
"bipolaris zeicola","Bipolaris zeicola",406098,FALSE,"",TRUE
"bison bison","Bison bison",907693,FALSE,"",TRUE
"blastocystis hominis","Blastocystis hominis (species in subkingdom SAR)",316473,FALSE,"",TRUE
"blastomyces gilchristii","Blastomyces gilchristii",5291598,FALSE,"",TRUE
"boleophthalmus pectinirostris","Boleophthalmus pectinirostris",47553,FALSE,"",TRUE
"bombus bifarius","Bombus bifarius",689191,FALSE,"",TRUE
"bombus impatiens","Bombus impatiens",42692,FALSE,"",TRUE
"bombus terrestris","Bombus terrestris (species in domain Eukaryota)",161197,FALSE,"",TRUE
"bombus vancouverensis","Bombus vancouverensis",7853681,FALSE,"sibling_higher",TRUE
"bombus vosnesenskii","Bombus vosnesenskii",35518,FALSE,"",TRUE
"bombyx mandarina","Bombyx mandarina",440269,FALSE,"",TRUE
"bombyx mori","Bombyx mori",440274,FALSE,"",TRUE
"bos indicus","Bos indicus",490109,FALSE,"",TRUE
"bos mutus","Bos mutus",905084,FALSE,"",TRUE
"bos taurus","Bos taurus",490099,FALSE,"",TRUE
"botrytis cinerea","Botrytis cinerea",17713,FALSE,"",TRUE
"brachypodium distachyon","Brachypodium distachyon",413237,FALSE,"",TRUE
"branchiostoma belcheri","Branchiostoma belcheri",406564,FALSE,"",TRUE
"branchiostoma floridae","Branchiostoma floridae",176532,FALSE,"",TRUE
"brassica napus","Brassica napus",309234,FALSE,"",TRUE
"brassica oleracea","Brassica oleracea",833642,FALSE,"",TRUE
"brassica rapa","Brassica rapa",833632,FALSE,"",TRUE
"brugia malayi","Brugia malayi",295367,FALSE,"",TRUE
"bubalus bubalis","Bubalus bubalis",641187,FALSE,"",TRUE
"buceros rhinoceros","Buceros rhinoceros",785189,FALSE,"",TRUE
"byssochlamys spectabilis","Byssochlamys spectabilis",653422,FALSE,"",TRUE
"caenorhabditis elegans","Caenorhabditis elegans",395048,FALSE,"",TRUE
"caenorhabditis remanei","Caenorhabditis remanei",396902,FALSE,"",TRUE
"cajanus cajan","Cajanus cajan",612448,FALSE,"",TRUE
"calidris pugnax","Calidris pugnax",1090732,FALSE,"sibling_higher",TRUE
"callithrix jacchus","Callithrix jacchus",1015223,FALSE,"",TRUE
"callorhinus ursinus","Callorhinus ursinus",949693,FALSE,"",TRUE
"calypte anna","Calypte anna",810756,FALSE,"",TRUE
"camarhynchus parvulus","Camarhynchus parvulus",419367,FALSE,"",TRUE
"camelina sativa","Camelina sativa",776348,FALSE,"",TRUE
"camelus bactrianus","Camelus bactrianus",510768,FALSE,"",TRUE
"camelus dromedarius","Camelus dromedarius",510752,FALSE,"",TRUE
"camelus ferus","Camelus ferus",596642,FALSE,"",TRUE
"camponotus floridanus","Camponotus floridanus",897070,FALSE,"sibling_higher",TRUE
"candida albicans","Candida albicans",154960,FALSE,"",TRUE
"candida auris","[Candida] auris",271373,FALSE,"",TRUE
"candida dubliniensis","Candida dubliniensis",148759,FALSE,"",TRUE
"candida duobushaemulonis","[Candida] duobushaemulonis",804238,FALSE,"",TRUE
"candida glabrata","[Candida] glabrata",718605,FALSE,"",TRUE
"candida haemuloni","[Candida] haemulonis",804235,TRUE,"",TRUE
"candida orthopsilosis","Candida orthopsilosis",147912,FALSE,"",TRUE
"candida pseudohaemulonis","[Candida] pseudohaemulonis",923361,FALSE,"",TRUE
"candida tropicalis","Candida tropicalis",408236,FALSE,"",TRUE
"candida viswanathii","Candida viswanathii",408228,FALSE,"",TRUE
"canis lupus","Canis lupus",247341,FALSE,"",TRUE
"capra hircus","Capra hircus (species in domain Eukaryota)",19017,FALSE,"",TRUE
"capronia coronata","Capronia coronata",360991,FALSE,"",TRUE
"capronia epimyces","Capronia epimyces",360990,FALSE,"",TRUE
"capsaspora owczarzaki","Capsaspora owczarzaki",1053060,FALSE,"",TRUE
"capsella rubella","Capsella rubella",19798,FALSE,"",TRUE
"capsicum annuum","Capsicum annuum",473836,FALSE,"",TRUE
"carassius auratus","Carassius auratus",1005907,FALSE,"",TRUE
"cariama cristata","Cariama cristata",86685,FALSE,"",TRUE
"carica papaya","Carica papaya",429474,FALSE,"",TRUE
"carlito syrichta","Carlito syrichta",339031,FALSE,"",TRUE
"castor canadensis","Castor canadensis",886085,FALSE,"",TRUE
"catharus ustulatus","Catharus ustulatus",489372,FALSE,"",TRUE
"cavenderia fasciculata","Cavenderia fasciculata",543977,FALSE,"",TRUE
"cavia porcellus","Cavia porcellus",744000,FALSE,"",TRUE
"cebus capucinus","Cebus capucinus",217252,FALSE,"",TRUE
"cephus cinctus","Cephus cinctus",377587,FALSE,"",TRUE
"ceraceosorus guamensis","Ceraceosorus guamensis",5699052,FALSE,"",TRUE
"ceratina calcarata","Ceratina calcarata",637306,FALSE,"",TRUE
"ceratitis capitata","Ceratitis capitata",34902,FALSE,"",TRUE
"ceratosolen solmsi","Ceratosolen solmsi",141535,FALSE,"",TRUE
"ceratotherium simum","Ceratotherium simum",1034198,FALSE,"",TRUE
"cercocebus atys","Cercocebus atys",268349,FALSE,"",TRUE
"cercospora beticola","Cercospora beticola",444411,FALSE,"sibling_higher",TRUE
"chaetomium globosum","Chaetomium globosum",474230,FALSE,"sibling_higher",TRUE
"chaetomium thermophilum","Chaetomium thermophilum",863516,FALSE,"sibling_higher",TRUE
"chaetura pelagica","Chaetura pelagica",609785,FALSE,"",TRUE
"chanos chanos","Chanos chanos",575844,FALSE,"",TRUE
"charadrius vociferus","Charadrius vociferus",661811,FALSE,"",TRUE
"chelonia mydas","Chelonia mydas",559133,FALSE,"",TRUE
"chelonoidis abingdonii","Chelonoidis abingdonii",1090893,FALSE,"",TRUE
"chelonus insularis","Chelonus insularis",43838,FALSE,"",TRUE
"chenopodium quinoa","Chenopodium quinoa",117198,FALSE,"",TRUE
"chinchilla lanigera","Chinchilla lanigera",173054,FALSE,"",TRUE
"chiroxiphia lanceolata","Chiroxiphia lanceolata",590809,FALSE,"",TRUE
"chlamydomonas reinhardtii","Chlamydomonas reinhardtii",33153,FALSE,"",TRUE
"chlamydotis macqueenii","Chlamydotis macqueenii",787600,FALSE,"",TRUE
"chlorella variabilis","Chlorella variabilis",950958,FALSE,"",TRUE
"chlorocebus sabaeus","Chlorocebus sabaeus",571316,FALSE,"",TRUE
"chondrus crispus","Chondrus crispus",878946,FALSE,"",TRUE
"chrysemys picta","Chrysemys picta",587300,FALSE,"",TRUE
"chrysochloris asiatica","Chrysochloris asiatica",1094517,FALSE,"",TRUE
"cicer arietinum","Cicer arietinum",612429,FALSE,"",TRUE
"cimex lectularius","Cimex lectularius",257326,FALSE,"",TRUE
"ciona intestinalis","Ciona intestinalis",744224,FALSE,"",TRUE
"citrus clementina","Citrus clementina",236255,FALSE,"sibling_higher",TRUE
"citrus sinensis","Citrus sinensis",3942433,FALSE,"sibling_higher",TRUE
"cladophialophora bantiana","Cladophialophora bantiana",757326,FALSE,"",TRUE
"cladophialophora carrionii","Cladophialophora carrionii",849118,FALSE,"",TRUE
"cladophialophora immunda","Cladophialophora immunda",257213,FALSE,"",TRUE
"cladophialophora psammophila","Cladophialophora psammophila",397173,FALSE,"",TRUE
"cladophialophora yegresii","Cladophialophora yegresii",257223,FALSE,"",TRUE
"clavispora lusitaniae","Clavispora lusitaniae",213939,FALSE,"",TRUE
"clupea harengus","Clupea harengus",1005932,FALSE,"",TRUE
"coccidioides immitis","Coccidioides immitis",838981,FALSE,"sibling_higher",TRUE
"coccidioides posadasii","Coccidioides posadasii",310187,FALSE,"sibling_higher",TRUE
"coccomyxa subellipsoidea","Coccomyxa subellipsoidea",270985,FALSE,"",TRUE
"coffea arabica","Coffea arabica",1001050,FALSE,"sibling_higher",TRUE
"coffea eugenioides","Coffea eugenioides",478405,FALSE,"sibling_higher",TRUE
"colius striatus","Colius striatus",462544,FALSE,"",TRUE
"colletotrichum fioriniae","Colletotrichum fioriniae",540364,FALSE,"",TRUE
"colletotrichum fructicola","Colletotrichum fructicola",594038,FALSE,"",TRUE
"colletotrichum graminicola","Colletotrichum graminicola",571507,FALSE,"",TRUE
"colletotrichum higginsianum","Colletotrichum higginsianum",1023961,FALSE,"",TRUE
"colletotrichum orchidophilum","Colletotrichum orchidophilum",455512,FALSE,"",TRUE
"colobus angolensis","Colobus angolensis",721482,FALSE,"",TRUE
"columba livia","Columba livia",938416,FALSE,"",TRUE
"condylura cristata","Condylura cristata",292504,FALSE,"",TRUE
"coniophora puteana","Coniophora puteana",429072,FALSE,"",TRUE
"coniosporium apollinis","Coniosporium apollinis",763035,FALSE,"",TRUE
"contarinia nasturtii","Contarinia nasturtii",408710,FALSE,"sibling_higher",TRUE
"copidosoma floridanum","Copidosoma floridanum",1058328,FALSE,"",TRUE
"coprinopsis cinerea","Coprinopsis cinerea",737441,FALSE,"",TRUE
"corapipo altera","Corapipo altera",1061608,FALSE,"",TRUE
"cordyceps fumosorosea","Isaria fumosorosea",559032,FALSE,"sibling_higher",TRUE
"cordyceps militaris","Cordyceps militaris",262721,FALSE,"sibling_higher",TRUE
"corvus brachyrhynchos","Corvus brachyrhynchos",331952,FALSE,"sibling_higher",TRUE
"corvus cornix","Corvus cornix",597020,FALSE,"sibling_higher",TRUE
"corvus moneduloides","Corvus moneduloides",200022,FALSE,"sibling_higher",TRUE
"cottoperca gobio","Cottoperca gobio",867530,FALSE,"",TRUE
"coturnix japonica","Coturnix japonica",803622,FALSE,"",TRUE
"crassostrea gigas","Magallana gigas",987409,FALSE,"",TRUE
"crassostrea virginica","Crassostrea virginica",365708,FALSE,"",TRUE
"cricetulus griseus","Cricetulus griseus",465012,FALSE,"",TRUE
"crocodylus porosus","Crocodylus porosus",35872,FALSE,"",TRUE
"cryptococcus amylolentus","Cryptococcus amylolentus",855583,FALSE,"sibling_higher",TRUE
"cryptococcus gattii","Cryptococcus gattii",6382511,FALSE,"sibling_higher",TRUE
"cryptococcus neoformans","Cryptococcus neoformans",48333,FALSE,"sibling_higher",TRUE
"cryptococcus wingfieldii","Tsuchiyaea wingfieldii",293755,FALSE,"",TRUE
"cryptomonas paramecium","Cryptomonas paramecium",303531,FALSE,"sibling_higher",TRUE
"cryptosporidium hominis","Cryptosporidium hominis",976206,FALSE,"",TRUE
"cryptosporidium parvum","Cryptosporidium parvum",775251,FALSE,"",TRUE
"cryptotermes secundus","Cryptotermes secundus",750450,FALSE,"",TRUE
"ctenocephalides felis","Ctenocephalides felis",81976,FALSE,"",TRUE
"cuculus canorus","Cuculus canorus",792628,FALSE,"",TRUE
"cucumis melo","Cucumis melo",1006256,FALSE,"",TRUE
"cucumis sativus","Cucumis sativus (species in domain Eukaryota)",1006246,FALSE,"",TRUE
"cucurbita maxima","Cucurbita maxima",379272,FALSE,"",TRUE
"cucurbita moschata","Cucurbita moschata",84409,FALSE,"",TRUE
"cucurbita pepo","Cucurbita pepo",379282,FALSE,"",TRUE
"culex quinquefasciatus","Culex quinquefasciatus",459728,FALSE,"",TRUE
"cutaneotrichosporon oleaginosum","Trichosporon oleaginosum",936889,FALSE,"sibling_higher",TRUE
"cyanidioschyzon merolae","Cyanidioschyzon merolae",85503,FALSE,"",TRUE
"cyanistes caeruleus","Cyanistes caeruleus",746120,FALSE,"",TRUE
"cyberlindnera jadinii","Cyberlindnera jadinii",284117,FALSE,"",TRUE
"cyclopterus lumpus","Cyclopterus lumpus",237344,FALSE,"",TRUE
"cyclospora cayetanensis","Cyclospora cayetanensis",1035811,FALSE,"",TRUE
"cynara cardunculus","Cynara cardunculus",991885,FALSE,"",TRUE
"cynoglossus semilaevis","Cynoglossus semilaevis",906506,FALSE,"",TRUE
"cyphellophora europaea","Cyphellophora europaea",794420,FALSE,"",TRUE
"cyphomyrmex costatus","Cyphomyrmex costatus",116619,FALSE,"",TRUE
"cyprinodon variegatus","Cyprinodon variegatus",82335,FALSE,"",FALSE
"cyprinus carpio","Cyprinus carpio",429083,FALSE,"",TRUE
"dactylellina haptotyla","Dactylellina haptotyla",889021,FALSE,"",TRUE
"daldinia childiae","Daldinia childiae",261672,FALSE,"",TRUE
"danaus plexippus","Danaus plexippus",190091,FALSE,"",TRUE
"danio rerio","Danio rerio",1005914,FALSE,"",TRUE
"dasypus novemcinctus","Dasypus novemcinctus",796672,FALSE,"",TRUE
"daucus carota","Daucus carota",372836,FALSE,"",TRUE
"debaryomyces fabryi","Debaryomyces fabryi",5674068,FALSE,"",TRUE
"debaryomyces hansenii","Debaryomyces hansenii",325560,FALSE,"",TRUE
"delphinapterus leucas","Delphinapterus leucas",851318,FALSE,"",TRUE
"dendrobium catenatum","Dendrobium catenatum",171958,FALSE,"",TRUE
"dendroctonus ponderosae","Dendroctonus ponderosae",1017374,FALSE,"",TRUE
"dendronephthya gigantea","Dendronephthya gigantea",688626,FALSE,"",TRUE
"denticeps clupeoides","Denticeps clupeoides",80438,FALSE,"",TRUE
"dermatophagoides pteronyssinus","Dermatophagoides pteronyssinus",99539,FALSE,"",TRUE
"desmodus rotundus","Desmodus rotundus",238431,FALSE,"",TRUE
"diabrotica virgifera","Diabrotica virgifera",687158,FALSE,"",TRUE
"diachasma alloeum","Diachasma alloeum",88735,FALSE,"",TRUE
"diaphorina citri","Diaphorina citri",624956,FALSE,"",TRUE
"dichomitus squalens","Dichomitus squalens",741212,FALSE,"",TRUE
"dictyostelium discoideum","Dictyostelium discoideum",160850,FALSE,"",TRUE
"dictyostelium purpureum","Dictyostelium purpureum",999663,FALSE,"",TRUE
"didymella exigua","Didymella exigua",139339,FALSE,"",TRUE
"dinoponera quadriceps","Dinoponera quadriceps",3253926,FALSE,"",TRUE
"diplodia corticola","Diplodia corticola",488127,FALSE,"",TRUE
"dipodomys ordii","Dipodomys ordii",917328,FALSE,"",TRUE
"dissoconium aciculare","Dissoconium aciculare",1091810,FALSE,"",TRUE
"diuraphis noxia","Diuraphis noxia",324246,FALSE,"",TRUE
"diutina rugosa","Diutina rugosa",408237,FALSE,"incertae_sedis_inherited",FALSE
"dothidotthia symphoricarpi","Dothidotthia symphoricarpi",975532,FALSE,"",TRUE
"dromaius novaehollandiae","Dromaius novaehollandiae",829513,FALSE,"",TRUE
"drosophila albomicans","Drosophila albomicans",930765,FALSE,"",TRUE
"drosophila ananassae","Drosophila ananassae",34911,FALSE,"",TRUE
"drosophila arizonae","Drosophila arizonae",607965,FALSE,"",TRUE
"drosophila biarmipes","Drosophila biarmipes",956240,FALSE,"",TRUE
"drosophila bipectinata","Drosophila bipectinata",733212,FALSE,"",TRUE
"drosophila busckii","Drosophila busckii",661518,FALSE,"",TRUE
"drosophila elegans","Drosophila elegans",218759,FALSE,"extinct",TRUE
"drosophila erecta","Drosophila erecta",505707,FALSE,"",TRUE
"drosophila eugracilis","Drosophila eugracilis",431225,FALSE,"",TRUE
"drosophila ficusphila","Drosophila ficusphila",218755,FALSE,"",TRUE
"drosophila grimshawi","Drosophila grimshawi",505708,FALSE,"",TRUE
"drosophila guanche","Drosophila guanche",607961,FALSE,"",TRUE
"drosophila hydei","Drosophila hydei",505712,FALSE,"",TRUE
"drosophila innubila","Drosophila innubila",746890,FALSE,"",TRUE
"drosophila kikkawai","Drosophila kikkawai (species in domain Eukaryota)",793217,FALSE,"",TRUE
"drosophila mauritiana","Drosophila mauritiana",505718,FALSE,"",TRUE
"drosophila melanogaster","Drosophila melanogaster",505714,FALSE,"",TRUE
"drosophila miranda","Drosophila miranda",505719,FALSE,"",TRUE
"drosophila mojavensis","Drosophila mojavensis",1082279,FALSE,"",TRUE
"drosophila navojoa","Drosophila navojoa",1082277,FALSE,"",TRUE
"drosophila novamexicana","Drosophila novamexicana",787960,FALSE,"",TRUE
"drosophila obscura","Drosophila obscura",355241,FALSE,"",TRUE
"drosophila persimilis","Drosophila persimilis",1082274,FALSE,"",TRUE
"drosophila pseudoobscura","Drosophila pseudoobscura",1082272,FALSE,"",FALSE
"drosophila rhopaloa","Drosophila rhopaloa",644198,FALSE,"",TRUE
"drosophila sechellia","Drosophila sechellia",1082282,FALSE,"",TRUE
"drosophila serrata","Drosophila serrata",86632,FALSE,"",TRUE
"drosophila simulans","Drosophila simulans",660828,FALSE,"",TRUE
"drosophila subobscura","Drosophila subobscura",660827,FALSE,"",TRUE
"drosophila suzukii","Drosophila suzukii",227752,FALSE,"",TRUE
"drosophila takahashii","Drosophila takahashii",1008043,FALSE,"",TRUE
"drosophila virilis","Drosophila virilis",660821,FALSE,"",TRUE
"drosophila willistoni","Drosophila willistoni",607964,FALSE,"",TRUE
"drosophila yakuba","Drosophila yakuba",660820,FALSE,"",TRUE
"dufourea novaeangliae","Dufourea novaeangliae",658377,FALSE,"",TRUE
"durio zibethinus","Durio zibethinus",236622,FALSE,"sibling_higher",TRUE
"echeneis naucrates","Echeneis naucrates",776562,FALSE,"",TRUE
"echinococcus granulosus","Echinococcus granulosus",481594,FALSE,"",TRUE
"echinops telfairi","Echinops telfairi",222351,FALSE,"",TRUE
"egretta garzetta","Egretta garzetta",273425,FALSE,"",TRUE
"eimeria acervulina","Eimeria acervulina",775248,FALSE,"sibling_higher",TRUE
"eimeria maxima","Eimeria maxima",775254,FALSE,"sibling_higher",TRUE
"eimeria mitis","Eimeria mitis",920922,FALSE,"sibling_higher",TRUE
"eimeria necatrix","Eimeria necatrix",836086,FALSE,"sibling_higher",TRUE
"eimeria tenella","Eimeria tenella",775246,FALSE,"sibling_higher",TRUE
"elaeis guineensis","Elaeis guineensis",947656,FALSE,"",TRUE
"electrophorus electricus","Electrophorus electricus",216168,FALSE,"",TRUE
"elephantulus edwardii","Elephantulus edwardii",604025,FALSE,"",TRUE
"emiliania huxleyi","Emiliania huxleyi",695761,FALSE,"",TRUE
"empidonax traillii","Empidonax traillii",67288,FALSE,"",TRUE
"encephalitozoon cuniculi","Encephalitozoon cuniculi",537032,FALSE,"",TRUE
"encephalitozoon hellem","Encephalitozoon hellem",787438,FALSE,"",TRUE
"endocarpon pusillum","Endocarpon pusillum",293974,FALSE,"",TRUE
"enhydra lutris","Enhydra lutris",949676,FALSE,"",TRUE
"entamoeba dispar","Entamoeba dispar",22283,FALSE,"",TRUE
"entamoeba invadens","Entamoeba invadens",937362,FALSE,"",TRUE
"entamoeba nuttalli","Entamoeba nuttalli",826780,FALSE,"",TRUE
"enterocytozoon bieneusi","Enterocytozoon bieneusi",333205,FALSE,"",TRUE
"epinephelus lanceolatus","Epinephelus lanceolatus",772661,FALSE,"",TRUE
"equus asinus","Equus asinus",1068202,FALSE,"",TRUE
"equus caballus","Equus caballus",1068218,FALSE,"",TRUE
"equus przewalskii","Equus przewalskii",1068229,FALSE,"",TRUE
"eremomyces bilateralis","Eremomyces bilateralis",3744598,FALSE,"major_rank_conflict_inherited",FALSE
"eremothecium cymbalariae","Eremothecium cymbalariae",741640,FALSE,"",TRUE
"eremothecium gossypii","Eremothecium gossypii",806602,FALSE,"",TRUE
"eremothecium sinecaudum","Eremothecium sinecaudum",741641,FALSE,"",TRUE
"erinaceus europaeus","Erinaceus europaeus",796660,FALSE,"",TRUE
"erpetoichthys calabaricus","Erpetoichthys calabaricus",451269,FALSE,"",TRUE
"erythranthe guttata","Erythranthe guttata",504496,FALSE,"",TRUE
"esox lucius","Esox lucius",739941,FALSE,"",TRUE
"etheostoma cragini","Etheostoma cragini",322405,FALSE,"",TRUE
"etheostoma spectabile","Etheostoma spectabile",150573,FALSE,"",TRUE
"eucalyptus grandis","Eucalyptus grandis",40959,FALSE,"",TRUE
"eufriesea mexicana","Eufriesea mexicana",538371,FALSE,"",TRUE
"eumetopias jubatus","Eumetopias jubatus",949686,FALSE,"",TRUE
"eurypyga helias","Eurypyga helias",86680,FALSE,"",TRUE
"eurytemora affinis","Eurytemora affinis",850982,FALSE,"",TRUE
"eutrema salsugineum","Eutrema salsugineum",711300,FALSE,"",TRUE
"eutypa lata","Eutypa lata",855116,FALSE,"sibling_higher",TRUE
"exaiptasia pallida","Exaiptasia pallida",135923,FALSE,"",TRUE
"exophiala aquamarina","Exophiala aquamarina",1084834,FALSE,"",TRUE
"exophiala dermatitidis","Exophiala dermatitidis",129117,FALSE,"",TRUE
"exophiala mesophila","Exophiala mesophila",453626,FALSE,"",TRUE
"exophiala oligosperma","Exophiala oligosperma",288202,FALSE,"",TRUE
"exophiala spinifera","Exophiala spinifera",773070,FALSE,"",TRUE
"exophiala xenobiotica","Exophiala xenobiotica",335331,FALSE,"",TRUE
"falco cherrug","Falco cherrug",1001807,FALSE,"",TRUE
"falco peregrinus","Falco peregrinus",786435,FALSE,"",TRUE
"felis catus","Felis catus",563166,FALSE,"",TRUE
"fibroporia radiculosa","Fibroporia radiculosa",884378,FALSE,"",TRUE
"ficedula albicollis","Ficedula albicollis",107840,FALSE,"sibling_higher",TRUE
"folsomia candida","Folsomia candida",861693,FALSE,"",TRUE
"fomitiporia mediterranea","Fomitiporia mediterranea",958306,FALSE,"",TRUE
"fonsecaea erecta","Fonsecaea erecta",5220996,FALSE,"",TRUE
"fonsecaea monophora","Fonsecaea monophora",888551,FALSE,"",TRUE
"fonsecaea multimorphosa","Fonsecaea multimorphosa",647284,FALSE,"",TRUE
"fonsecaea nubica","Fonsecaea nubica",374639,FALSE,"",TRUE
"fonsecaea pedrosoi","Fonsecaea pedrosoi",64522,FALSE,"",TRUE
"fonticula alba","Fonticula alba",926878,FALSE,"",TRUE
"fopius arisanus","Fopius arisanus",873869,FALSE,"",TRUE
"formica exsecta","Formica exsecta",637436,FALSE,"",TRUE
"fragaria vesca","Fragaria vesca",852873,FALSE,"",TRUE
"frankliniella occidentalis","Frankliniella occidentalis",5846,FALSE,"",TRUE
"fukomys damarensis","Fukomys damarensis",895549,FALSE,"",TRUE
"fulmarus glacialis","Fulmarus glacialis",1028832,FALSE,"",TRUE
"fundulus heteroclitus","Fundulus heteroclitus",583633,FALSE,"",TRUE
"fusarium coffeatum","Fusarium chlamydosporum",565286,FALSE,"sibling_higher",TRUE
"fusarium fujikuroi","Fusarium fujikuroi",1067425,FALSE,"sibling_higher",TRUE
"fusarium graminearum","Gibberella zeae",264388,FALSE,"",TRUE
"fusarium oxysporum","Fusarium oxysporum",404217,FALSE,"sibling_higher",TRUE
"fusarium proliferatum","Fusarium proliferatum",446901,FALSE,"sibling_higher",TRUE
"fusarium pseudograminearum","Gibberella coronicola",427868,FALSE,"",TRUE
"fusarium venenatum","Fusarium venenatum",463446,FALSE,"sibling_higher",TRUE
"fusarium verticillioides","Gibberella fujikuroi",584890,FALSE,"",TRUE
"gadus morhua","Gadus morhua (species in domain Eukaryota)",114170,FALSE,"",TRUE
"gaeumannomyces tritici","Gaeumannomyces tritici",209040,FALSE,"sibling_higher",TRUE
"galdieria sulphuraria","Galdieria sulphuraria",369285,FALSE,"",TRUE
"galendromus occidentalis","Galendromus occidentalis",1076355,FALSE,"",TRUE
"galeopterus variegatus","Galeopterus variegatus",617014,FALSE,"",TRUE
"galleria mellonella","Galleria mellonella",952256,FALSE,"",TRUE
"gallus gallus","Gallus gallus",153563,FALSE,"",TRUE
"gavia stellata","Gavia stellata",1057044,FALSE,"",TRUE
"gavialis gangeticus","Gavialis gangeticus",881015,FALSE,"",TRUE
"gekko japonicus","Gekko japonicus",212506,FALSE,"",TRUE
"geospiza fortis","Geospiza fortis",589951,FALSE,"",TRUE
"geotrypetes seraphini","Geotrypetes seraphini",283388,FALSE,"",TRUE
"giardia lamblia","Giardia intestinalis",694358,FALSE,"",TRUE
"glarea lozoyensis","Glarea lozoyensis",1018166,FALSE,"",TRUE
"globicephala melas","Globicephala melas",124212,FALSE,"",TRUE
"gloeophyllum trabeum","Gloeophyllum trabeum",493749,FALSE,"",TRUE
"glycine max","Glycine max",681762,FALSE,"",TRUE
"glycine soja","Glycine soja",459708,FALSE,"",TRUE
"gopherus evgoodei","Gopherus evgoodei",5925808,FALSE,"",TRUE
"gorilla gorilla","Gorilla gorilla",417965,FALSE,"",TRUE
"gossypium arboreum","Gossypium arboreum",625750,FALSE,"",TRUE
"gossypium hirsutum","Gossypium hirsutum",854480,FALSE,"",TRUE
"gossypium raimondii","Gossypium raimondii",79347,FALSE,"",TRUE
"gouania willdenowi","Gouania willdenowi",996934,FALSE,"",TRUE
"grammomys surdaster","Grammomys surdaster",466623,FALSE,"",TRUE
"gregarina niphandrodes","Gregarina niphandrodes",559941,FALSE,"",TRUE
"grosmannia clavigera","Grosmannia clavigera",227187,FALSE,"",TRUE
"guillardia theta","Guillardia theta",5247740,FALSE,"",TRUE
"gymnodraco acuticeps","Gymnodraco acuticeps",781785,FALSE,"",TRUE
"habropoda laboriosa","Habropoda laboriosa",381454,FALSE,"",TRUE
"haliaeetus albicilla","Haliaeetus albicilla",263118,FALSE,"",TRUE
"haliaeetus leucocephalus","Haliaeetus leucocephalus",1012350,FALSE,"",TRUE
"halyomorpha halys","Halyomorpha halys",1019761,FALSE,"",TRUE
"hammondia hammondi","Hammondia hammondi",595486,FALSE,"",TRUE
"haplochromis burtoni","Haplochromis burtoni",710025,FALSE,"sibling_higher",TRUE
"harpegnathos saltator","Harpegnathos saltator",504908,FALSE,"",TRUE
"helianthus annuus","Helianthus annuus",515712,FALSE,"",TRUE
"helicoverpa armigera","Helicoverpa armigera",1058341,FALSE,"",TRUE
"helobdella robusta","Helobdella robusta",870792,FALSE,"",TRUE
"herrania umbratica","Herrania umbratica",1088454,FALSE,"",TRUE
"heterobasidion irregulare","Heterobasidion irregulare",607526,FALSE,"",TRUE
"heterocephalus glaber","Heterocephalus glaber",1048195,FALSE,"",TRUE
"heterostelium album","Heterostelium album",591694,FALSE,"sibling_higher",TRUE
"hevea brasiliensis","Hevea brasiliensis",339361,FALSE,"",TRUE
"hippocampus comes","Hippocampus comes",630158,FALSE,"",TRUE
"hippoglossus hippoglossus","Hippoglossus hippoglossus",408328,FALSE,"",TRUE
"hipposideros armiger","Hipposideros armiger",316920,FALSE,"sibling_higher",TRUE
"histoplasma capsulatum","Histoplasma capsulatum",197566,FALSE,"",TRUE
"homo sapiens","Homo sapiens",770315,FALSE,"extinct, sibling_higher",TRUE
"hyalella azteca","Hyalella azteca",648347,FALSE,"",TRUE
"hyaloscypha bicolor","Meliniomyces bicolor",285117,FALSE,"",TRUE
"hydra vulgaris","Hydra vulgaris",111442,FALSE,"",TRUE
"hylobates moloch","Hylobates moloch",732213,FALSE,"",TRUE
"hyphopichia burtonii","Hyphopichia burtonii",142994,FALSE,"",TRUE
"hyposmocoma kahamanoa","Hyposmocoma kahamanoa",5556897,FALSE,"sibling_higher",TRUE
"ichthyophthirius multifiliis","Ichthyophthirius multifiliis",231102,FALSE,"",TRUE
"ictalurus punctatus","Ictalurus punctatus",701523,FALSE,"",TRUE
"ictidomys tridecemlineatus","Ictidomys tridecemlineatus",989655,FALSE,"",TRUE
"ipomoea nil","Ipomoea nil",77355,FALSE,"",TRUE
"ipomoea triloba","Ipomoea triloba",77362,FALSE,"",TRUE
"ixodes scapularis","Ixodes scapularis",621065,FALSE,"",TRUE
"jaculus jaculus","Jaculus jaculus",886091,FALSE,"",TRUE
"jaminaea rosea","Jaminaea rosea",5689123,FALSE,"major_rank_conflict_inherited",FALSE
"jatropha curcas","Jatropha curcas",916001,FALSE,"",TRUE
"juglans regia","Juglans regia",138717,FALSE,"",TRUE
"kalmanozyma brasiliensis","Kalmanozyma brasiliensis",5262066,FALSE,"sibling_higher",TRUE
"kazachstania africana","Kazachstania africana",1097130,FALSE,"",TRUE
"kazachstania naganishii","Kazachstania naganishii",491083,FALSE,"",TRUE
"kluyveromyces lactis","Kluyveromyces lactis",538138,FALSE,"",TRUE
"kluyveromyces marxianus","Kluyveromyces marxianus",806946,FALSE,"",TRUE
"kockovaella imperatae","Kockovaella imperatae",874723,FALSE,"",TRUE
"kryptolebias marmoratus","Kryptolebias marmoratus",229709,FALSE,"",TRUE
"kuraishia capsulata","Kuraishia capsulata",140852,FALSE,"",TRUE
"kwoniella bestiolae","Cryptococcus bestiolae",948203,FALSE,"sibling_higher",TRUE
"kwoniella dejecticola","Cryptococcus dejecticola",372157,FALSE,"sibling_higher",TRUE
"kwoniella mangroviensis","Kwoniella mangrovensis",432522,FALSE,"",TRUE
"kwoniella pini","Cryptococcus pinus",479413,FALSE,"sibling_higher",TRUE
"kwoniella shandongensis","Kwoniella shandongensis",5296882,FALSE,"",TRUE
"labrus bergylta","Labrus bergylta",292710,FALSE,"",TRUE
"laccaria bicolor","Laccaria bicolor",985685,FALSE,"",TRUE
"lacerta agilis","Lacerta agilis",862848,FALSE,"",TRUE
"lachancea lanzarotensis","Lachancea lanzarotensis",916504,FALSE,"",TRUE
"lachancea thermotolerans","Lachancea thermotolerans",768642,FALSE,"",TRUE
"lachnellula hyalina","Lachnellula hyalina",3711431,FALSE,"sibling_higher",TRUE
"lactuca sativa","Lactuca sativa",515700,FALSE,"sibling_higher",TRUE
"lagenorhynchus obliquidens","Lagenorhynchus obliquidens",701489,FALSE,"",TRUE
"larimichthys crocea","Larimichthys crocea",679823,FALSE,"",TRUE
"lates calcarifer","Lates calcarifer",437601,FALSE,"incertae_sedis_inherited",FALSE
"latimeria chalumnae","Latimeria chalumnae",773491,FALSE,"",TRUE
"leishmania braziliensis","Leishmania braziliensis",766601,FALSE,"",TRUE
"leishmania donovani","Leishmania donovani",766598,FALSE,"",TRUE
"leishmania infantum","Leishmania infantum",243214,FALSE,"",TRUE
"leishmania major","Leishmania major",766613,FALSE,"",TRUE
"leishmania mexicana","Leishmania mexicana",766611,FALSE,"",TRUE
"leishmania panamensis","Leishmania panamensis",243224,FALSE,"",TRUE
"lepidothrix coronata","Lepidothrix coronata",49248,FALSE,"",TRUE
"lepisosteus oculatus","Lepisosteus oculatus",1028028,FALSE,"",TRUE
"leptinotarsa decemlineata","Leptinotarsa decemlineata",185597,FALSE,"",TRUE
"leptomonas pyrrhocoris","Leptomonas pyrrhocoris",695743,FALSE,"",TRUE
"leptonychotes weddellii","Leptonychotes weddellii",175259,FALSE,"",TRUE
"leptosomus discolor","Leptosomus discolor",897867,FALSE,"",TRUE
"leptosphaeria maculans","Leptosphaeria maculans",581438,FALSE,"sibling_higher",TRUE
"limulus polyphemus","Limulus polyphemus",511973,FALSE,"",TRUE
"lindgomyces ingoldianus","Lindgomyces ingoldianus",346115,FALSE,"",TRUE
"linepithema humile","Linepithema humile",1021480,FALSE,"",TRUE
"lingula anatina","Lingula anatina",1027439,FALSE,"",TRUE
"loa loa","Loa loa",555803,FALSE,"",TRUE
"lobosporangium transversale","Lobosporangium transversale",861293,FALSE,"",TRUE
"lodderomyces elongisporus","Lodderomyces elongisporus",213945,FALSE,"",TRUE
"lonchura striata","Lonchura striata",306760,FALSE,"sibling_higher",TRUE
"lontra canadensis","Lontra canadensis",656961,FALSE,"",TRUE
"lottia gigantea","Lottia gigantea",840650,FALSE,"",TRUE
"loxodonta africana","Loxodonta africana",541936,FALSE,"",TRUE
"lucilia cuprina","Lucilia cuprina",1011014,FALSE,"sibling_higher",TRUE
"lupinus angustifolius","Lupinus angustifolius",1030433,FALSE,"",TRUE
"lynx canadensis","Lynx canadensis",507549,FALSE,"",TRUE
"macaca fascicularis","Macaca fascicularis",689668,FALSE,"",TRUE
"macaca mulatta","Macaca mulatta",689650,FALSE,"",TRUE
"macaca nemestrina","Macaca nemestrina",689656,FALSE,"",TRUE
"macroventuria anomochaeta","Macroventuria anomochaeta",25864,FALSE,"",TRUE
"malassezia pachydermatis","Malassezia pachydermatis",997111,FALSE,"major_rank_conflict_inherited",FALSE
"malassezia restricta","Malassezia restricta",604329,FALSE,"major_rank_conflict_inherited",FALSE
"malassezia sympodialis","Malassezia sympodialis",604327,FALSE,"major_rank_conflict_inherited",FALSE
"malus domestica","Malus domestica",3902985,FALSE,"",TRUE
"manacus vitellinus","Manacus vitellinus",640833,FALSE,"",TRUE
"mandrillus leucophaeus","Mandrillus leucophaeus",741057,FALSE,"",TRUE
"manduca sexta","Manduca sexta",116647,FALSE,"",TRUE
"manihot esculenta","Manihot esculenta",339369,FALSE,"",TRUE
"manis javanica","Manis javanica",644245,FALSE,"",TRUE
"marmota flaviventris","Marmota flaviventris",63459,FALSE,"",TRUE
"marmota marmota","Marmota marmota",630991,FALSE,"",TRUE
"mastacembelus armatus","Mastacembelus armatus",394575,FALSE,"",TRUE
"mastomys coucha","Mastomys coucha",216878,FALSE,"",TRUE
"maylandia zebra","Maylandia zebra",677719,FALSE,"",TRUE
"medicago truncatula","Medicago truncatula",1060499,FALSE,"",TRUE
"megachile rotundata","Megachile rotundata",344336,FALSE,"",TRUE
"megalopta genalis","Megalopta genalis",712323,FALSE,"",TRUE
"meira miltonrushii","Meira miltonrushii",1009151,FALSE,"",TRUE
"melampsora larici-populina","Melampsora laricis-populina",175519,FALSE,"",TRUE
"melanaphis sacchari","Melanaphis sacchari",710789,FALSE,"",TRUE
"meleagris gallopavo","Meleagris gallopavo",446482,FALSE,"",TRUE
"melopsittacus undulatus","Melopsittacus undulatus",734818,FALSE,"",TRUE
"meriones unguiculatus","Meriones unguiculatus",764841,FALSE,"",TRUE
"merops nubicus","Merops nubicus",989087,FALSE,"",TRUE
"mesitornis unicolor","Mesitornis unicolor",966316,FALSE,"",TRUE
"mesocricetus auratus","Mesocricetus auratus",391631,FALSE,"",TRUE
"metarhizium acridum","Metarhizium anisopliae",314588,FALSE,"",TRUE
"metarhizium brunneum","Metarhizium anisopliae",314588,FALSE,"",TRUE
"metarhizium majus","Metarhizium majus",5317017,FALSE,"",TRUE
"metschnikowia bicuspidata","Metschnikowia bicuspidata",94057,FALSE,"",TRUE
"meyerozyma guilliermondii","Meyerozyma guilliermondii",334025,FALSE,"",TRUE
"microcaecilia unicolor","Microcaecilia unicolor",3617944,FALSE,"",TRUE
"microcebus murinus","Microcebus murinus",311211,FALSE,"",TRUE
"micromonas commoda","Micromonas commoda",42076,FALSE,"",TRUE
"micromonas pusilla","Micromonas pusilla",216381,FALSE,"",TRUE
"microplitis demolitor","Microplitis demolitor",128296,FALSE,"sibling_higher",TRUE
"microsporum canis","Microsporum canis",535164,FALSE,"sibling_higher",TRUE
"microtus ochrogaster","Microtus ochrogaster",927240,FALSE,"",TRUE
"millerozyma farinosa","Millerozyma farinosa",333994,FALSE,"",TRUE
"miniopterus natalensis","Miniopterus natalensis",18887,FALSE,"",TRUE
"mirounga leonina","Mirounga leonina",175270,FALSE,"",TRUE
"mitosporidium daphniae","Mitosporidium daphniae",5362615,FALSE,"incertae_sedis_inherited",FALSE
"mixia osmundae","Mixia osmundae",85979,FALSE,"",TRUE
"mizuhopecten yessoensis","Mizuhopecten yessoensis",449027,FALSE,"",TRUE
"moesziomyces antarcticus","Pseudozyma antarctica",548808,FALSE,"sibling_higher",TRUE
"momordica charantia","Momordica charantia",955521,FALSE,"",TRUE
"moniliophthora perniciosa","Moniliophthora perniciosa",889102,FALSE,"",TRUE
"moniliophthora roreri","Moniliophthora roreri",457,FALSE,"",TRUE
"monodelphis domestica","Monodelphis domestica",122362,FALSE,"",TRUE
"monodon monoceros","Monodon monoceros",306757,FALSE,"",TRUE
"monomorium pharaonis","Monomorium pharaonis",54024,FALSE,"",TRUE
"monopterus albus","Monopterus albus",655999,FALSE,"",TRUE
"monoraphidium neglectum","Monoraphidium neglectum",182771,FALSE,"",TRUE
"morus notabilis","Morus notabilis",695389,FALSE,"",TRUE
"mus caroli","Mus caroli",922493,FALSE,"",TRUE
"mus musculus","Mus musculus",542509,FALSE,"",TRUE
"mus pahari","Mus pahari",542493,FALSE,"",TRUE
"musa acuminata","Musa acuminata",207474,FALSE,"sibling_higher",TRUE
"musca domestica","Musca domestica",1011010,FALSE,"",TRUE
"mustela erminea","Mustela erminea",681184,FALSE,"",TRUE
"mustela putorius","Mustela putorius",923126,FALSE,"",TRUE
"myotis brandtii","Myotis brandtii",353460,FALSE,"",TRUE
"myotis davidii","Myotis davidii",849319,FALSE,"",TRUE
"myotis lucifugus","Myotis lucifugus",342715,FALSE,"",FALSE
"myripristis murdjan","Myripristis murdjan",385708,FALSE,"",TRUE
"mytilinidion resinicola","Mytilinidion resinicola",477298,FALSE,"",TRUE
"myzus persicae","Myzus persicae",785522,FALSE,"",TRUE
"nannizzia gypsea","Nannizzia gypsea",535148,FALSE,"sibling_higher",TRUE
"nannochloropsis gaditana","Nannochloropsis gaditana",749812,FALSE,"",TRUE
"nannospalax galili","Nannospalax galili (species in domain Eukaryota)",207281,FALSE,"",TRUE
"nanorana parkeri","Nanorana parkeri",899043,FALSE,"",TRUE
"nasonia vitripennis","Nasonia vitripennis",729593,FALSE,"",TRUE
"naumovozyma castellii","Naumovozyma castellii",1029336,FALSE,"",TRUE
"naumovozyma dairenensis","Naumovozyma dairenensis",1059912,FALSE,"",TRUE
"necator americanus","Necator americanus",856981,FALSE,"",TRUE
"nectria haematococca","[Nectria] haematococca",7519147,FALSE,"sibling_higher, merged",FALSE
"nelumbo nucifera","Nelumbo nucifera",532288,FALSE,"",TRUE
"nematocida parisii","Nematocida parisii",583366,FALSE,"major_rank_conflict_inherited, unplaced_inherited",FALSE
"nematostella vectensis","Nematostella vectensis",938118,FALSE,"",TRUE
"neodiprion lecontei","Neodiprion lecontei",260156,FALSE,"",TRUE
"neofusicoccum parvum","Neofusicoccum parvum",648285,FALSE,"",TRUE
"neohortaea acidophila","Hortaea acidophila",713598,FALSE,"sibling_higher",TRUE
"neolamprologus brichardi","Neolamprologus brichardi",279935,FALSE,"",TRUE
"neomonachus schauinslandi","Neomonachus schauinslandi",180367,FALSE,"",TRUE
"neopelma chrysocephalum","Neopelma chrysocephalum",356287,FALSE,"",TRUE
"neophocaena asiaeorientalis","Neophocaena asiaeorientalis",1019449,FALSE,"",TRUE
"neospora caninum","Neospora caninum",936407,FALSE,"",TRUE
"nestor notabilis","Nestor notabilis",749203,FALSE,"",TRUE
"neurospora crassa","Neurospora crassa",572462,FALSE,"",TRUE
"neurospora tetrasperma","Neurospora tetrasperma",779623,FALSE,"",TRUE
"nicotiana attenuata","Nicotiana attenuata",882065,FALSE,"",TRUE
"nicotiana sylvestris","Nicotiana sylvestris",222794,FALSE,"",TRUE
"nicotiana tabacum","Nicotiana tabacum",222787,FALSE,"",TRUE
"nicotiana tomentosiformis","Nicotiana tomentosiformis",229330,FALSE,"",TRUE
"nicrophorus vespilloides","Nicrophorus vespilloides",336542,FALSE,"",TRUE
"nilaparvata lugens","Nilaparvata lugens",876508,FALSE,"",TRUE
"nipponia nippon","Nipponia nippon",946418,FALSE,"",TRUE
"nomascus leucogenys","Nomascus leucogenys",1029454,FALSE,"",TRUE
"nomia melanderi","Nomia melanderi",3273586,FALSE,"",TRUE
"nosema ceranae","Nosema ceranae",483918,FALSE,"",TRUE
"notechis scutatus","Notechis scutatus",6132,FALSE,"",TRUE
"nothobranchius furzeri","Nothobranchius furzeri",513643,FALSE,"",TRUE
"nothoprocta perdicaria","Nothoprocta perdicaria",402446,FALSE,"",TRUE
"notolabrus celidotus","Notolabrus celidotus",706791,FALSE,"",TRUE
"notothenia coriiceps","Notothenia coriiceps",258643,FALSE,"",TRUE
"numida meleagris","Numida meleagris",684046,FALSE,"",TRUE
"nylanderia fulva","Nylanderia fulva",3260789,FALSE,"",TRUE
"nymphaea colorata","Nymphaea colorata",811421,FALSE,"",TRUE
"ochotona princeps","Ochotona princeps",644261,FALSE,"",TRUE
"octodon degus","Octodon degus",692698,FALSE,"",TRUE
"octopus bimaculoides","Octopus bimaculoides",609510,FALSE,"",TRUE
"octopus sinensis","Octopus vulgaris",110468,FALSE,"",TRUE
"odocoileus virginianus","Odocoileus virginianus",410145,FALSE,"",TRUE
"odontomachus brunneus","Odontomachus brunneus",971312,FALSE,"",TRUE
"ogataea parapolymorpha","Ogataea parapolymorpha",346289,FALSE,"",TRUE
"ogataea polymorpha","Ogataea polymorpha",421090,FALSE,"",TRUE
"olea europaea","Olea europaea",23729,FALSE,"",TRUE
"oncorhynchus kisutch","Oncorhynchus kisutch",739917,FALSE,"",TRUE
"oncorhynchus mykiss","Oncorhynchus mykiss (species in domain Eukaryota)",165368,FALSE,"",TRUE
"oncorhynchus tshawytscha","Oncorhynchus tshawytscha",730762,FALSE,"",TRUE
"onthophagus taurus","Onthophagus taurus",262810,FALSE,"incertae_sedis_inherited",FALSE
"ooceraea biroi","Ooceraea biroi",342557,FALSE,"",TRUE
"opisthocomus hoazin","Opisthocomus hoazin",928360,FALSE,"",TRUE
"opisthorchis viverrini","Opisthorchis viverrini",974593,FALSE,"",TRUE
"orbicella faveolata","Orbicella faveolata",955287,FALSE,"",TRUE
"oreochromis aureus","Oreochromis aureus",814693,FALSE,"sibling_higher",TRUE
"oreochromis niloticus","Oreochromis niloticus",288063,FALSE,"sibling_higher",TRUE
"ornithorhynchus anatinus","Ornithorhynchus anatinus",962377,FALSE,"",TRUE
"orussus abietinus","Orussus abietinus",325799,FALSE,"",TRUE
"orycteropus afer","Orycteropus afer",561087,FALSE,"",TRUE
"oryctolagus cuniculus","Oryctolagus cuniculus",864596,FALSE,"",TRUE
"oryza brachyantha","Oryza brachyantha",709900,FALSE,"",TRUE
"oryza sativa","Oryza sativa",709894,FALSE,"",TRUE
"oryzias latipes","Oryzias latipes",942673,FALSE,"",TRUE
"oryzias melastigma","Oryzias melastigma",179491,FALSE,"",TRUE
"osmia bicornis","Osmia bicornis",755644,FALSE,"",TRUE
"osmia lignaria","Osmia lignaria",327610,FALSE,"",TRUE
"ostreococcus lucimarinus","Ostreococcus sp. 'lucimarinus'",851102,FALSE,"incertae_sedis",FALSE
"ostreococcus tauri","Ostreococcus tauri",772469,FALSE,"",TRUE
"ostrinia furnacalis","Ostrinia furnacalis",960510,FALSE,"",TRUE
"otolemur garnettii","Otolemur garnettii",885705,FALSE,"",TRUE
"ovis aries","Ovis aries",70819,FALSE,"",TRUE
"pan paniscus","Pan paniscus",158484,FALSE,"",TRUE
"pan troglodytes","Pan troglodytes",417950,FALSE,"",TRUE
"pangasianodon hypophthalmus","Pangasianodon hypophthalmus",896075,FALSE,"",TRUE
"panicum hallii","Panicum hallii",38406,FALSE,"",TRUE
"panthera pardus","Panthera pardus",42324,FALSE,"",TRUE
"panthera tigris","Panthera tigris",42314,FALSE,"",TRUE
"pantherophis guttatus","Pantherophis guttatus",456236,FALSE,"",TRUE
"pantholops hodgsonii","Pantholops hodgsonii",938450,FALSE,"",TRUE
"papaver somniferum","Papaver somniferum",438118,FALSE,"",TRUE
"papilio machaon","Papilio machaon",1018322,FALSE,"sibling_higher",TRUE
"papilio polytes","Papilio polytes",1018319,FALSE,"sibling_higher",TRUE
"papilio xuthus","Papilio xuthus",613073,FALSE,"sibling_higher",TRUE
"papio anubis","Papio anubis",115449,FALSE,"",TRUE
"paracoccidioides brasiliensis","Paracoccidioides brasiliensis",395090,FALSE,"",TRUE
"paracoccidioides lutzii","Paracoccidioides lutzii",880597,FALSE,"",TRUE
"paralichthys olivaceus","Paralichthys olivaceus",883392,FALSE,"",TRUE
"parambassis ranga","Parambassis ranga",484155,FALSE,"incertae_sedis_inherited",FALSE
"paramecium tetraurelia","Paramecium tetraurelia",568130,FALSE,"",TRUE
"paramormyrops kingsleyae","Paramormyrops kingsleyae",902048,FALSE,"",TRUE
"paraphaeosphaeria sporulosa","Paraconiothyrium sporulosum",611733,FALSE,"",TRUE
"parastagonospora nodorum","Parastagonospora nodorum",562295,FALSE,"",TRUE
"parasteatoda tepidariorum","Parasteatoda tepidariorum",1083289,FALSE,"sibling_higher",TRUE
"parus major","Parus major",515143,FALSE,"",TRUE
"pecten maximus","Pecten maximus",449048,FALSE,"",TRUE
"pediculus humanus","Pediculus humanus",1034004,FALSE,"",TRUE
"pelecanus crispus","Pelecanus crispus",427900,FALSE,"",TRUE
"pelodiscus sinensis","Pelodiscus sinensis",143391,FALSE,"",TRUE
"penaeus vannamei","Penaeus vannamei",169168,FALSE,"",TRUE
"penicilliopsis zonata","Aspergillus zonatus",938965,FALSE,"",TRUE
"penicillium arizonense","Penicillium arizonense",6378188,FALSE,"",TRUE
"penicillium digitatum","Penicillium digitatum",840875,FALSE,"",TRUE
"penicillium expansum","Penicillium expansum",615470,FALSE,"",TRUE
"penicillium rubens","Penicillium rubens",1034308,FALSE,"",TRUE
"perca flavescens","Perca flavescens",186474,FALSE,"",TRUE
"periophthalmus magnuspinnatus","Periophthalmus magnuspinnatus",638255,FALSE,"",TRUE
"perkinsus marinus","Perkinsus marinus",438694,FALSE,"",TRUE
"peromyscus maniculatus","Peromyscus maniculatus",377525,FALSE,"",TRUE
"pestalotiopsis fici","Pestalotiopsis fici",588993,FALSE,"sibling_higher",TRUE
"petromyzon marinus","Petromyzon marinus",227494,FALSE,"",TRUE
"phaeoacremonium minimum","Phaeoacremonium aleophilum",393534,FALSE,"",TRUE
"phaeodactylum tricornutum","Phaeodactylum tricornutum",529438,FALSE,"",TRUE
"phaethon lepturus","Phaethon lepturus",855119,FALSE,"",TRUE
"phalacrocorax carbo","Phalacrocorax carbo",969841,FALSE,"",TRUE
"phalaenopsis equestris","Phalaenopsis equestris",128524,FALSE,"",TRUE
"phanerochaete carnosa","Phanerochaete carnosa",835564,FALSE,"sibling_higher",TRUE
"phascolarctos cinereus","Phascolarctos cinereus",327624,FALSE,"",TRUE
"phaseolus vulgaris","Phaseolus vulgaris",825707,FALSE,"",TRUE
"phasianus colchicus","Phasianus colchicus",102719,FALSE,"",TRUE
"phialemoniopsis curvata","Phialemoniopsis curvata",961110,FALSE,"incertae_sedis_inherited",FALSE
"phialocephala scopiformis","Phialocephala scopiformis",48551,FALSE,"",TRUE
"phialophora attinorum","Phialophora attinorum",8004186,FALSE,"",TRUE
"phoca vitulina","Phoca vitulina",698422,FALSE,"sibling_higher",TRUE
"phocoena sinus","Phocoena sinus",1089663,FALSE,"",TRUE
"phoenix dactylifera","Phoenix dactylifera",789008,FALSE,"",TRUE
"photinus pyralis","Photinus pyralis",340581,FALSE,"",TRUE
"phycomyces blakesleeanus","Phycomyces blakesleeanus",735973,FALSE,"",TRUE
"phyllostomus discolor","Phyllostomus discolor",459982,FALSE,"",TRUE
"physcomitrium patens","Physcomitrella patens",821359,FALSE,"",TRUE
"physeter catodon","Physeter catodon",276851,FALSE,"sibling_higher",TRUE
"phytophthora infestans","Phytophthora infestans",775725,FALSE,"sibling_higher",TRUE
"phytophthora parasitica","Phytophthora parasitica",405044,FALSE,"sibling_higher",TRUE
"phytophthora sojae","Phytophthora sojae",740156,FALSE,"sibling_higher",TRUE
"pichia kudriavzevii","Pichia kudriavzevii",284110,FALSE,"",TRUE
"pichia membranifaciens","Pichia membranifaciens",334010,FALSE,"",TRUE
"picoides pubescens","Picoides pubescens",873958,FALSE,"sibling_higher",TRUE
"pieris rapae","Pieris rapae",634345,FALSE,"",TRUE
"piliocolobus tephrosceles","Piliocolobus tephrosceles",1013938,FALSE,"",TRUE
"pipra filicauda","Pipra filicauda",946233,FALSE,"",TRUE
"pistacia vera","Pistacia vera",200787,FALSE,"",TRUE
"plasmodium berghei","Plasmodium berghei",724398,FALSE,"",TRUE
"plasmodium chabaudi","Plasmodium chabaudi",724404,FALSE,"",TRUE
"plasmodium coatneyi","Plasmodium coatneyi",584381,FALSE,"sibling_higher",TRUE
"plasmodium cynomolgi","Plasmodium cynomolgi",724406,FALSE,"sibling_higher",TRUE
"plasmodium falciparum","Plasmodium falciparum (species in subkingdom SAR)",201128,FALSE,"",TRUE
"plasmodium fragile","Plasmodium fragile",352297,FALSE,"sibling_higher",TRUE
"plasmodium gaboni","Plasmodium gaboni",730193,FALSE,"",TRUE
"plasmodium gallinaceum","Plasmodium gallinaceum",877122,FALSE,"",TRUE
"plasmodium gonderi","Plasmodium gonderi",641629,FALSE,"sibling_higher",TRUE
"plasmodium inui","Plasmodium inui",263045,FALSE,"sibling_higher",TRUE
"plasmodium knowlesi","Plasmodium knowlesi",352298,FALSE,"sibling_higher",TRUE
"plasmodium malariae","Plasmodium malariae (species in subkingdom SAR)",352307,FALSE,"sibling_higher",TRUE
"plasmodium reichenowi","Plasmodium reichenowi",352293,FALSE,"",TRUE
"plasmodium relictum","Plasmodium relictum",902756,FALSE,"",TRUE
"plasmodium vinckei","Plasmodium vinckei",826553,FALSE,"",TRUE
"plasmodium vivax","Plasmodium vivax",352295,FALSE,"sibling_higher",TRUE
"plasmodium yoelii","Plasmodium yoelii",826551,FALSE,"",TRUE
"plasmopara halstedii","Plasmopara halstedii",775743,FALSE,"sibling_higher",TRUE
"plutella xylostella","Plutella xylostella",664811,FALSE,"",TRUE
"pneumocystis carinii","Pneumocystis carinii",352919,FALSE,"",TRUE
"pneumocystis jirovecii","Pneumocystis jirovecii",405725,FALSE,"",TRUE
"pochonia chlamydosporia","Metacordyceps chlamydosporia",55994,FALSE,"sibling_higher",TRUE
"pocillopora damicornis","Pocillopora damicornis",176783,FALSE,"",TRUE
"podarcis muralis","Podarcis muralis",744397,FALSE,"",TRUE
"podospora anserina","Podospora pauciseta",155361,FALSE,"",TRUE
"poecilia formosa","Poecilia formosa",998168,FALSE,"",TRUE
"poecilia latipinna","Poecilia latipinna",998174,FALSE,"",TRUE
"poecilia mexicana","Poecilia mexicana",6465,FALSE,"",TRUE
"poecilia reticulata","Poecilia reticulata",312452,FALSE,"",TRUE
"pogona vitticeps","Pogona vitticeps",913382,FALSE,"",TRUE
"pogonomyrmex barbatus","Pogonomyrmex barbatus",566779,FALSE,"",TRUE
"polistes canadensis","Polistes canadensis",312173,FALSE,"sibling_higher",TRUE
"polistes dominula","Polistes dominula",69994,FALSE,"sibling_higher",TRUE
"pomacea canaliculata","Pomacea canaliculata",229287,FALSE,"",TRUE
"pongo abelii","Pongo abelii",770295,FALSE,"",TRUE
"populus alba","Populus alba",1030862,FALSE,"",TRUE
"populus euphratica","Populus euphratica",164191,FALSE,"",TRUE
"populus trichocarpa","Populus trichocarpa",8861,FALSE,"",TRUE
"postia placenta","Rhodonia placenta",1019098,FALSE,"",TRUE
"priapulus caudatus","Priapulus caudatus",1033111,FALSE,"",TRUE
"propithecus coquereli","Propithecus coquereli",402626,FALSE,"",TRUE
"prosopis alba","Prosopis alba",66219,FALSE,"",TRUE
"protobothrops mucrosquamatus","Protobothrops mucrosquamatus",267839,FALSE,"sibling_higher",TRUE
"prunus avium","Prunus avium",162547,FALSE,"sibling_higher",TRUE
"prunus dulcis","Prunus dulcis",731568,FALSE,"sibling_higher",TRUE
"prunus mume","Prunus mume",426562,FALSE,"sibling_higher",TRUE
"prunus persica","Prunus persica",259054,FALSE,"sibling_higher",TRUE
"pseudocercospora fijiensis","Mycosphaerella fijiensis",857565,FALSE,"sibling_higher",TRUE
"pseudochaenichthys georgianus","Pseudochaenichthys georgianus",684011,FALSE,"",TRUE
"pseudogymnoascus destructans","Pseudogymnoascus destructans",428163,FALSE,"major_rank_conflict_inherited",FALSE
"pseudogymnoascus verrucosus","Pseudogymnoascus verrucosus",565285,FALSE,"major_rank_conflict_inherited",FALSE
"pseudomicrostroma glucosiphilum","Pseudomicrostroma glucosiphilum",5679036,FALSE,"incertae_sedis_inherited",FALSE
"pseudomyrmex gracilis","Pseudomyrmex gracilis",1682,FALSE,"",TRUE
"pseudonaja textilis","Pseudonaja textilis",527479,FALSE,"",TRUE
"pseudopodoces humilis","Pseudopodoces humilis",875992,FALSE,"",TRUE
"pseudovirgaria hyperparasitica","Pseudovirgaria hyperparasitica",1013069,FALSE,"major_rank_conflict_inherited",FALSE
"pseudozyma hubeiensis","Pseudozyma hubeiensis",613864,FALSE,"sibling_higher",TRUE
"pterocles gutturalis","Pterocles gutturalis",57819,FALSE,"",TRUE
"pteropus alecto","Pteropus alecto",813028,FALSE,"",TRUE
"pteropus vampyrus","Pteropus vampyrus",448935,FALSE,"",TRUE
"puccinia graminis","Puccinia graminis",665704,FALSE,"sibling_higher",TRUE
"puma concolor","Puma concolor",42307,FALSE,"",TRUE
"punctularia strigosozonata","Punctularia strigosozonata",7507,FALSE,"",TRUE
"pundamilia nyererei","Pundamilia nyererei",7106,FALSE,"",TRUE
"punica granatum","Punica granatum",646814,FALSE,"",TRUE
"purpureocillium lilacinum","Purpureocillium lilacinum",691851,FALSE,"",TRUE
"pygocentrus nattereri","Pygocentrus nattereri",649803,FALSE,"",TRUE
"pygoscelis adeliae","Pygoscelis adeliae",494357,FALSE,"",TRUE
"pyrenophora teres","Pyrenophora teres",411919,FALSE,"",TRUE
"pyrenophora tritici-repentis","Pyrenophora tritici-repentis",85506,FALSE,"",TRUE
"pyricularia grisea","Magnaporthe grisea",258235,FALSE,"",TRUE
"pyricularia oryzae","Pyricularia oryzae",7519514,FALSE,"sibling_higher",TRUE
"python bivittatus","Python bivittatus",88370,FALSE,"",TRUE
"quercus lobata","Quercus lobata",106849,FALSE,"",TRUE
"quercus suber","Quercus suber",272709,FALSE,"",TRUE
"ramularia collo-cygni","Ramularia collo-cygni",514702,FALSE,"sibling_higher",TRUE
"raphanus sativus","Raphanus sativus",359073,FALSE,"",TRUE
"rasamsonia emersonii","Rasamsonia emersonii",773841,FALSE,"",TRUE
"rattus norvegicus","Rattus norvegicus",271555,FALSE,"",TRUE
"rattus rattus","Rattus rattus",271571,FALSE,"",TRUE
"rhagoletis zephyria","Rhagoletis zephyria",480853,FALSE,"",TRUE
"rhinatrema bivittatum","Rhinatrema bivittatum",498516,FALSE,"",TRUE
"rhincodon typus","Rhincodon typus",214509,FALSE,"",TRUE
"rhinocladiella mackenziei","Rhinocladiella mackenziei",274719,FALSE,"",TRUE
"rhinolophus ferrumequinum","Rhinolophus ferrumequinum",867388,FALSE,"",TRUE
"rhinolophus sinicus","Rhinolophus sinicus",1047995,FALSE,"",TRUE
"rhinopithecus bieti","Rhinopithecus bieti",77080,FALSE,"",TRUE
"rhinopithecus roxellana","Rhinopithecus roxellana",77083,FALSE,"",TRUE
"rhizophagus irregularis","Rhizophagus irregularis",403130,FALSE,"sibling_higher",TRUE
"rhizopus microsporus","Rhizopus microsporus",9393,FALSE,"",TRUE
"rhodamnia argentea","Rhodamnia argentea",833467,FALSE,"",TRUE
"rhodotorula graminis","Rhodotorula graminis",4095323,FALSE,"",TRUE
"rhodotorula toruloides","Rhodotorula toruloides",449878,FALSE,"",TRUE
"rhopalosiphum maidis","Rhopalosiphum maidis",897641,FALSE,"",TRUE
"ricinus communis","Ricinus communis",339346,FALSE,"",TRUE
"rosa chinensis","Rosa chinensis",1054817,FALSE,"incertae_sedis_inherited",FALSE
"rousettus aegyptiacus","Rousettus aegyptiacus",813034,FALSE,"",TRUE
"saccharomyces arboricola","Saccharomyces arboricola",34134,FALSE,"",TRUE
"saccharomyces cerevisiae","Saccharomyces cerevisiae",356221,FALSE,"",TRUE
"saccharomyces eubayanus","Saccharomyces eubayanus",723144,FALSE,"",TRUE
"saccharomyces paradoxus","Saccharomyces paradoxus",1019879,FALSE,"",TRUE
"saccoglossus kowalevskii","Saccoglossus kowalevskii",570370,FALSE,"",TRUE
"saimiri boliviensis","Saimiri boliviensis",977385,FALSE,"",TRUE
"saitoella complicata","Saitoella complicata",818008,FALSE,"",TRUE
"salarias fasciatus","Salarias fasciatus",938557,FALSE,"",TRUE
"salmo salar","Salmo salar",688328,FALSE,"",TRUE
"salmo trutta","Salmo trutta",688332,FALSE,"",TRUE
"salpingoeca rosetta","Salpingoeca rosetta",1002450,FALSE,"",TRUE
"sander lucioperca","Sander lucioperca",557682,FALSE,"",TRUE
"sapajus apella","Sapajus apella",197026,FALSE,"",TRUE
"saprochaete ingens","Saprochaete ingens",7511231,FALSE,"",TRUE
"saprolegnia diclina","Saprolegnia diclina",1008862,FALSE,"",TRUE
"saprolegnia parasitica","Saprolegnia parasitica",939401,FALSE,"",TRUE
"sarcophilus harrisii","Sarcophilus harrisii",948469,FALSE,"extinct",TRUE
"scaptodrosophila lebanonensis","Scaptodrosophila lebanonensis",505710,FALSE,"",TRUE
"scedosporium apiospermum","Pseudallescheria boydii",464781,FALSE,"",TRUE
"scheffersomyces stipitis","Scheffersomyces stipitis",334015,FALSE,"",TRUE
"schistosoma haematobium","Schistosoma haematobium",191481,FALSE,"",TRUE
"schistosoma mansoni","Schistosoma mansoni",191483,FALSE,"",TRUE
"schizophyllum commune","Schizophyllum commune",8357,FALSE,"",TRUE
"schizosaccharomyces cryophilus","Schizosaccharomyces cryophilus",269480,FALSE,"",TRUE
"schizosaccharomyces japonicus","Hasegawaea japonica",924375,FALSE,"",TRUE
"schizosaccharomyces octosporus","Schizosaccharomyces octosporus",989993,FALSE,"",TRUE
"schizosaccharomyces pombe","Schizosaccharomyces pombe",990004,FALSE,"",TRUE
"scleropages formosus","Scleropages formosus",335717,FALSE,"",TRUE
"sclerotinia sclerotiorum","Sclerotinia sclerotiorum",880963,FALSE,"",TRUE
"selaginella moellendorffii","Selaginella moellendorffii",799880,FALSE,"",TRUE
"serinus canaria","Serinus canaria",464865,FALSE,"sibling_higher",TRUE
"seriola dumerili","Seriola dumerili",986392,FALSE,"",TRUE
"seriola lalandi","Seriola lalandi",597848,FALSE,"",TRUE
"serpula lacrymans","Serpula lacrymans",161913,FALSE,"",TRUE
"sesamum indicum","Sesamum indicum (species in domain Eukaryota)",504628,FALSE,"",TRUE
"setaria italica","Setaria italica",553005,FALSE,"",TRUE
"setaria viridis","Setaria viridis",552997,FALSE,"",TRUE
"sinocyclocheilus anshuiensis","Sinocyclocheilus anshuiensis",5839047,FALSE,"sibling_higher",TRUE
"sinocyclocheilus grahami","Sinocyclocheilus grahami",211553,FALSE,"sibling_higher",TRUE
"sinocyclocheilus rhinocerous","Sinocyclocheilus rhinocerous",905012,FALSE,"sibling_higher",TRUE
"sipha flava","Sipha flava",443995,FALSE,"",TRUE
"sitophilus oryzae","Sitophilus oryzae",865254,FALSE,"",TRUE
"sodiomyces alkalinus","Heleococcum alkalinum",4059064,FALSE,"",TRUE
"solanum lycopersicum","Solanum lycopersicum",378964,FALSE,"",TRUE
"solanum pennellii","Solanum pennellii",1069768,FALSE,"",TRUE
"solanum tuberosum","Solanum tuberosum",494835,FALSE,"sibling_higher",TRUE
"solenopsis invicta","Solenopsis invicta",489862,FALSE,"",TRUE
"sordaria macrospora","Sordaria macrospora",572456,FALSE,"",TRUE
"sorex araneus","Sorex araneus",633213,FALSE,"",TRUE
"sorghum bicolor","Sorghum bicolor",552986,FALSE,"",TRUE
"sparassis crispa","Sparassis crispa",118235,FALSE,"",TRUE
"sparus aurata","Sparus aurata",760723,FALSE,"",TRUE
"spathaspora passalidarum","Spathaspora passalidarum",452874,FALSE,"",TRUE
"sphaeramia orbicularis","Sphaeramia orbicularis",344060,FALSE,"",TRUE
"sphaeroforma arctica","Sphaeroforma arctica",380182,FALSE,"sibling_higher",TRUE
"sphaerulina musiva","Sphaerulina musiva",5346435,FALSE,"",TRUE
"spinacia oleracea","Spinacia oleracea",317784,FALSE,"",TRUE
"spizellomyces punctatus","Spizellomyces punctatus",708156,FALSE,"",TRUE
"spodoptera litura","Spodoptera litura",396568,FALSE,"",TRUE
"sporisorium graminicola","Pseudozyma graminicola",967927,FALSE,"sibling_higher",TRUE
"sporothrix schenckii","Sporothrix schenckii",170043,FALSE,"sibling_higher",TRUE
"stegastes partitus","Stegastes partitus",345269,FALSE,"incertae_sedis_inherited",FALSE
"stereum hirsutum","Stereum hirsutum",943200,FALSE,"",TRUE
"stomoxys calcitrans","Stomoxys calcitrans",42520,FALSE,"",TRUE
"strigops habroptila","Strigops habroptila",6520246,FALSE,"",TRUE
"strongylocentrotus purpuratus","Strongylocentrotus purpuratus",564702,FALSE,"",TRUE
"strongyloides ratti","Strongyloides ratti",1040287,FALSE,"",TRUE
"struthio camelus","Struthio camelus",647692,FALSE,"",TRUE
"sturnus vulgaris","Sturnus vulgaris",565813,FALSE,"sibling_higher",TRUE
"stylophora pistillata","Stylophora pistillata",713802,FALSE,"",TRUE
"sugiyamaella lignohabitans","Sugiyamaella lignohabitans",70519,FALSE,"",TRUE
"suhomyces tanzawaensis","Suhomyces tanzawaensis",490731,FALSE,"",TRUE
"suricata suricatta","Suricata suricatta",803645,FALSE,"",TRUE
"sus scrofa","Sus scrofa",730013,FALSE,"",TRUE
"synchytrium microbalum","Synchytrium microbalum",7510072,FALSE,"",TRUE
"syzygium oleosum","Syzygium oleosum",466460,FALSE,"",TRUE
"tachysurus fulvidraco","Tachysurus fulvidraco",119433,FALSE,"",TRUE
"taeniopygia guttata","Taeniopygia guttata",708327,FALSE,"",TRUE
"takifugu rubripes","Takifugu rubripes",65341,FALSE,"",TRUE
"talaromyces atroroseus","Talaromyces atroroseus",5310600,FALSE,"",TRUE
"talaromyces marneffei","Talaromyces marneffei",58525,FALSE,"",TRUE
"talaromyces stipitatus","Talaromyces stipitatus",73766,FALSE,"",TRUE
"tarenaya hassleriana","Tarenaya hassleriana",1079368,FALSE,"",TRUE
"tauraco erythrolophus","Tauraco erythrolophus",487306,FALSE,"",TRUE
"temnothorax curvispinosus","Temnothorax curvispinosus",603808,FALSE,"",TRUE
"terrapene carolina","Terrapene carolina",848786,FALSE,"",TRUE
"tetrahymena thermophila","Tetrahymena thermophila",180195,FALSE,"",TRUE
"tetranychus urticae","Tetranychus urticae",106112,FALSE,"sibling_higher",TRUE
"tetrapisispora blattae","Tetrapisispora blattae",134090,FALSE,"",TRUE
"tetrapisispora phaffii","Tetrapisispora phaffii",213957,FALSE,"",TRUE
"thalassiosira pseudonana","Thalassiosira pseudonana",753596,FALSE,"sibling_higher",TRUE
"thalassophryne amazonica","Thalassophryne amazonica",409649,FALSE,"",TRUE
"thamnophis elegans","Thamnophis elegans",681054,FALSE,"",TRUE
"thamnophis sirtalis","Thamnophis sirtalis",107027,FALSE,"",TRUE
"thecamonas trahens","Thecamonas trahens",418774,FALSE,"",TRUE
"theileria annulata","Theileria annulata",302421,FALSE,"",TRUE
"theileria equi","Theileria equi",302414,FALSE,"",TRUE
"theileria orientalis","Theileria orientalis",913016,FALSE,"",TRUE
"theileria parva","Theileria parva",302422,FALSE,"",TRUE
"theobroma cacao","Theobroma cacao",388185,FALSE,"",TRUE
"thermothelomyces thermophilus","Myceliophthora thermophila",10631,FALSE,"major_rank_conflict_inherited",FALSE
"thermothielavioides terrestris","Thielavia terrestris",606635,FALSE,"sibling_higher",TRUE
"theropithecus gelada","Theropithecus gelada",741053,FALSE,"",TRUE
"thrips palmi","Thrips palmi",136911,FALSE,"",TRUE
"tilletiaria anomala","Tilletiaria anomala",449875,FALSE,"",TRUE
"tilletiopsis washingtonensis","Tilletiopsis washingtonensis",63204,FALSE,"sibling_higher",TRUE
"tinamus guttatus","Tinamus guttatus",306216,FALSE,"",TRUE
"torulaspora delbrueckii","Torulaspora delbrueckii",959627,FALSE,"",TRUE
"toxoplasma gondii","Toxoplasma gondii",252145,FALSE,"",TRUE
"trachemys scripta","Trachemys scripta",725741,FALSE,"",TRUE
"trachymyrmex cornetzi","Trachymyrmex cornetzi",732807,FALSE,"",TRUE
"trachymyrmex septentrionalis","Trachymyrmex septentrionalis",947324,FALSE,"",TRUE
"trachymyrmex zeteki","Trachymyrmex zeteki",157606,FALSE,"",TRUE
"trachypithecus francoisi","Trachypithecus francoisi",43805,FALSE,"",TRUE
"trametes versicolor","Trametes versicolor",581141,FALSE,"",TRUE
"trematomus bernacchii","Trematomus bernacchii",985361,FALSE,"",TRUE
"trematosphaeria pertusa","Trematosphaeria pertusa",1027800,FALSE,"",TRUE
"tremella mesenterica","Tremella mesenterica",133073,FALSE,"",TRUE
"tribolium castaneum","Tribolium castaneum",148904,FALSE,"",TRUE
"trichechus manatus","Trichechus manatus",226178,FALSE,"",TRUE
"trichinella spiralis","Trichinella spiralis",567340,FALSE,"",TRUE
"trichoderma asperellum","Trichoderma asperellum",939390,FALSE,"sibling_higher",TRUE
"trichoderma atroviride","Trichoderma atroviride",447354,FALSE,"sibling_higher",TRUE
"trichoderma citrinoviride","Trichoderma citrinoviride",237866,FALSE,"sibling_higher",TRUE
"trichoderma gamsii","Trichoderma gamsii",1027326,FALSE,"sibling_higher",TRUE
"trichoderma harzianum","Trichoderma harzianum",939829,FALSE,"sibling_higher",TRUE
"trichoderma reesei","Trichoderma reesei",500701,FALSE,"sibling_higher",TRUE
"trichoderma virens","Trichoderma virens",409099,FALSE,"sibling_higher",TRUE
"trichogramma pretiosum","Trichogramma pretiosum",1048703,FALSE,"",TRUE
"trichomonas vaginalis","Trichomonas vaginalis",745845,FALSE,"",TRUE
"trichophyton benhamiae","Arthroderma benhamiae",535152,FALSE,"sibling_higher",TRUE
"trichophyton rubrum","Trichophyton rubrum",13973,FALSE,"sibling_higher",TRUE
"trichophyton verrucosum","Trichophyton verrucosum",13972,FALSE,"sibling_higher",TRUE
"trichoplax adhaerens","Trichoplax adhaerens",570365,FALSE,"",TRUE
"trichoplusia ni","Trichoplusia ni",167935,FALSE,"",TRUE
"trichosporon asahii","Trichosporon asahii",594659,FALSE,"sibling_higher",TRUE
"trypanosoma brucei","Trypanosoma brucei",494245,FALSE,"",TRUE
"trypanosoma conorhini","Trypanosoma conorhini",298651,FALSE,"",TRUE
"trypanosoma cruzi","Trypanosoma cruzi",779555,FALSE,"",TRUE
"trypanosoma grayi","Trypanosoma grayi",893046,FALSE,"",TRUE
"trypanosoma rangeli","Trypanosoma rangeli",494254,FALSE,"",TRUE
"trypanosoma theileri","Trypanosoma theileri",932034,FALSE,"",TRUE
"tuber melanosporum","Tuber melanosporum",376066,FALSE,"",TRUE
"tupaia chinensis","Tupaia chinensis",513958,FALSE,"",TRUE
"tursiops truncatus","Tursiops truncatus",124230,FALSE,"",TRUE
"tyto alba","Tyto alba",1065606,FALSE,"",FALSE
"uncinocarpus reesii","Uncinocarpus reesii",958128,FALSE,"",TRUE
"urocitellus parryii","Urocitellus parryii",289901,FALSE,"",TRUE
"ursus arctos","Ursus arctos",872567,FALSE,"",TRUE
"ursus maritimus","Ursus maritimus",10732,FALSE,"",TRUE
"ustilago maydis","Ustilago maydis",285447,FALSE,"",TRUE
"vanderwaltozyma polyspora","Vanderwaltozyma polyspora",713057,FALSE,"",TRUE
"vanessa tameamea","Vanessa tameamea",962180,FALSE,"",TRUE
"varroa destructor","Varroa destructor",703157,FALSE,"",TRUE
"varroa jacobsoni","Varroa jacobsoni",167557,FALSE,"",TRUE
"vavraia culicis","Vavraia culicis",624869,FALSE,"",TRUE
"venustampulla echinocandica",NA,NA,NA,NA,FALSE
"verruconis gallopava","Ochroconis gallopava",5460464,TRUE,"",TRUE
"verticillium alfalfae","Verticillium alfalfae",922331,FALSE,"",TRUE
"verticillium dahliae","Verticillium dahliae",615475,FALSE,"",TRUE
"verticillium nonalfalfae","Verticillium nonalfalfae",922339,FALSE,"",TRUE
"vicugna pacos","Vicugna pacos",906301,FALSE,"",TRUE
"vigna angularis","Vigna angularis",1065959,FALSE,"",TRUE
"vigna radiata","Vigna radiata",806245,FALSE,"",TRUE
"vigna unguiculata","Vigna unguiculata",1065941,FALSE,"",TRUE
"vitis riparia","Vitis riparia",785481,FALSE,"",TRUE
"vitis vinifera","Vitis vinifera",756728,FALSE,"",TRUE
"vittaforma corneae","Vittaforma corneae",5975928,FALSE,"",TRUE
"vollenhovia emeryi","Vollenhovia emeryi",841619,FALSE,"",TRUE
"volvox carteri","Volvox carteri",391120,FALSE,"",TRUE
"vombatus ursinus","Vombatus ursinus",835328,FALSE,"",TRUE
"vulpes vulpes","Vulpes vulpes",821964,FALSE,"",TRUE
"wallemia ichthyophaga","Wallemia ichthyophaga",344409,FALSE,"",TRUE
"wallemia mellicola","Wallemia mellicola",5683313,FALSE,"",TRUE
"wasmannia auropunctata","Wasmannia auropunctata",157602,FALSE,"",TRUE
"westerdykella ornata","Westerdykella ornata",442995,FALSE,"",TRUE
"wickerhamiella sorbophila","Wickerhamiella sorbophila",337187,FALSE,"",TRUE
"wickerhamomyces anomalus","Wickerhamomyces anomalus",334004,FALSE,"",TRUE
"wickerhamomyces ciferrii","Wickerhamomyces ciferrii",238467,FALSE,"",TRUE
"xenopus laevis","Xenopus laevis",465096,FALSE,"",TRUE
"xenopus tropicalis","Xenopus tropicalis",940184,FALSE,"",TRUE
"xiphophorus couchianus","Xiphophorus couchianus",1026718,FALSE,"",TRUE
"xiphophorus hellerii","Xiphophorus hellerii",312435,FALSE,"",TRUE
"xiphophorus maculatus","Xiphophorus maculatus",416852,FALSE,"",TRUE
"xylona heveae","Xylona heveae",117996,FALSE,"",TRUE
"yamadazyma tenuis","Yamadazyma tenuis",401240,FALSE,"",TRUE
"yarrowia lipolytica","Yarrowia lipolytica",832179,FALSE,"",TRUE
"zalophus californianus","Zalophus californianus",95364,FALSE,"",TRUE
"zasmidium cellare","Zasmidium cellare",60926,FALSE,"sibling_higher",TRUE
"zea mays","Zea mays",605194,FALSE,"",TRUE
"zeugodacus cucurbitae","Zeugodacus cucurbitae",227727,FALSE,"",TRUE
"ziziphus jujuba","Ziziphus jujuba",73483,FALSE,"",TRUE
"zonotrichia albicollis","Zonotrichia albicollis",265547,FALSE,"",TRUE
"zootermopsis nevadensis","Zootermopsis nevadensis",612406,FALSE,"",TRUE
"zootoca vivipara","Zootoca vivipara",87626,FALSE,"",TRUE
"zygosaccharomyces rouxii","Zygosaccharomyces rouxii",959638,FALSE,"",TRUE
"zymoseptoria tritici","Zymoseptoria tritici",906425,FALSE,"",TRUE
