species	clade	dnds	te_total_copies	te_richness	n_recent_arrivals	arrival_fraction	genome_size_bp
Apteryx_rowi	Aves	0.172592796104366	85230.0	81	4	0.0493827160493827	1228902913
Aquila_chrysaetos_chrysaetos	Aves	0.16372926109617	105611.0	98	2	0.0204081632653061	1203454851
Aythya_fuligula	Aves	0.117130530228679	180821.0	139	2	0.014388489208633	1127004725
Calypte_anna	Aves	0.131680320128111	213743.0	164	3	0.0182926829268292	1059687259
Corapipo_altera	Aves	0.13329030910695	198406.0	148	2	0.0135135135135135	1095745976
Corvus_cornix_cornix	Aves	0.176306865845714	167767.0	117	1	0.0085470085470085	1042281180
Coturnix_japonica	Aves	0.12312387694356	224702.0	123	2	0.016260162601626	927656957
Cyanistes_caeruleus	Aves	0.149523329256599	155780.0	145	0	0.0	1186980630
Dromaius_novaehollandiae	Aves	0.162227062123593	56856.0	54	1	0.0185185185185185	1192254075
Haliaeetus_leucocephalus	Aves	0.174609223008562	102294.0	92	0	0.0	1178409481
Lepidothrix_coronata	Aves	0.153855555081251	181074.0	114	4	0.0350877192982456	1079577334
Manacus_vitellinus	Aves	0.167915212268827	188981.0	122	0	0.0	1072328541
Neopelma_chrysocephalum	Aves	0.093175643283913	213973.0	170	2	0.0117647058823529	1142796179
Nothoprocta_perdicaria	Aves	0.118032178524446	84637.0	50	0	0.0	965904370
Pipra_filicauda	Aves	0.164436907896387	197243.0	129	3	0.0232558139534883	1110963465
Sturnus_vulgaris	Aves	0.165402042573599	142163.0	125	0	0.0	1036755994
Taeniopygia_guttata	Aves	0.167197705996135	161725.0	161	3	0.0186335403726708	1068988106
Zonotrichia_albicollis	Aves	0.163937788758126	172373.0	142	1	0.0070422535211267	1052600561
Acipenser_ruthenus	Fish	0.098581732421758	2162174.0	1590	77	0.0484276729559748	1830501248
Anabas_testudineus	Fish	0.115758057480262	192542.0	374	7	0.0187165775401069	555658001
Astatotilapia_calliptera	Fish	0.180887656680251	776940.0	1016	134	0.1318897637795275	880445564
Betta_splendens	Fish	0.109648710320116	150791.0	409	39	0.0953545232273838	441388503
Carassius_auratus	Fish	0.124917992766745	1740215.0	1244	123	0.0988745980707395	1820635050
Chanos_chanos	Fish	0.072488430937872	184024.0	355	11	0.0309859154929577	656929047
Cottoperca_gobio	Fish	0.174283953511847	448389.0	742	75	0.1010781671159029	609391784
Denticeps_clupeoides	Fish	0.082647586574661	721421.0	847	58	0.0684769775678866	567401054
Echeneis_naucrates	Fish	0.102563708470106	177786.0	365	27	0.073972602739726	544229245
Epinephelus_lanceolatus	Fish	0.150486180713928	1494176.0	1582	174	0.1099873577749683	1087415941
Gadus_morhua	Fish	0.101823513262954	453156.0	1090	244	0.2238532110091743	669966409
Gouania_willdenowi	Fish	0.10065527892214	1675962.0	1867	79	0.0423138725227637	937150793
Gymnodraco_acuticeps	Fish	0.216467160147923	1167528.0	1552	488	0.3144329896907216	996888495
Ictalurus_punctatus	Fish	0.138928515763646	894139.0	814	12	0.0147420147420147	783274721
Kryptolebias_marmoratus	Fish	0.11141083598663	615355.0	757	56	0.0739762219286657	680366784
Larimichthys_crocea	Fish	0.136070627182594	416261.0	651	95	0.1459293394777265	657939657
Lepisosteus_oculatus	Fish	0.086804573945923	614985.0	570	31	0.0543859649122807	945878036
Mastacembelus_armatus	Fish	0.123115960110386	255837.0	517	31	0.0599613152804642	591951587
Myripristis_murdjan	Fish	0.105807590187844	645131.0	905	124	0.1370165745856353	835254674
Oncorhynchus_kisutch	Fish	0.148180665382387	3778841.0	1150	54	0.0469565217391304	2375911593
Oncorhynchus_mykiss	Fish	0.125048267059707	2542451.0	758	34	0.0448548812664907	2178999613
Oncorhynchus_tshawytscha	Fish	0.140815863872367	3448000.0	1298	45	0.034668721109399	2425713975
Oreochromis_aureus	Fish	0.186172875757346	720458.0	910	72	0.0791208791208791	918953803
Oreochromis_niloticus	Fish	0.173155010263022	867420.0	804	88	0.1094527363184079	1005681550
Pangasianodon_hypophthalmus	Fish	0.129741333283488	943858.0	1021	6	0.0058765915768854	758990195
Perca_flavescens	Fish	0.150166455110387	1149944.0	1663	237	0.142513529765484	877439799
Poecilia_formosa	Fish	0.142906996681119	620324.0	752	34	0.0452127659574468	748923461
Pseudochaenichthys_georgianus	Fish	0.187766349804238	1366108.0	1659	497	0.2995780590717299	1026101545
Salarias_fasciatus	Fish	0.087433836695168	429995.0	748	97	0.1296791443850267	797507141
Salmo_trutta	Fish	0.140031508338047	3496006.0	1334	71	0.053223388305847	2371880186
Sander_lucioperca	Fish	0.147811134762708	1173340.0	1699	262	0.1542083578575632	900477767
Scleropages_formosus	Fish	0.093703234598953	968081.0	439	4	0.0091116173120728	784563014
Seriola_lalandi_dorsalis	Fish	0.134043680497981	449583.0	501	21	0.0419161676646706	732509836
Sparus_aurata	Fish	0.125349779792626	730433.0	1064	140	0.131578947368421	833595063
Sphaeramia_orbicularis	Fish	0.111740133885668	1109866.0	903	85	0.0941306755260243	1342662642
Takifugu_rubripes	Fish	0.225297334875122	97623.0	313	73	0.2332268370607028	384126662
Thalassophryne_amazonica	Fish	0.116180709737516	3836682.0	1710	169	0.0988304093567251	2446592878
Trematomus_bernacchii	Fish	0.179872514112908	913126.0	1380	385	0.2789855072463768	867125071
Xiphophorus_couchianus	Fish	0.167499098877966	653785.0	809	36	0.0444993819530284	688541509
Xiphophorus_hellerii	Fish	0.165743783692361	692793.0	774	42	0.0542635658914728	732906125
Xiphophorus_maculatus	Fish	0.150858267608325	661127.0	837	46	0.054958183990442	704321165
Aedes_aegypti	Insecta	0.056206202651215	2543862.0	1868	64	0.0342612419700214	1278732104
Aedes_albopictus	Insecta	0.055052851456066	4183720.0	1685	77	0.0456973293768546	2538387871
Aethina_tumida	Insecta	0.044950026962582	122704.0	383	13	0.0339425587467362	234344249
Anoplophora_glabripennis	Insecta	0.040448242570784	977172.0	1800	187	0.1038888888888888	706968555
Apis_mellifera	Insecta	0.101129713623875	18918.0	62	4	0.064516129032258	225250884
Bactrocera_oleae	Insecta	0.042658900052891	542225.0	779	19	0.024390243902439	471780370
Bemisia_tabaci	Insecta	0.043135846028802	823294.0	581	22	0.0378657487091222	615017152
Bicyclus_anynana	Insecta	0.048431202460133	1263993.0	1045	64	0.0612440191387559	475399557
Bombus_bifarius	Insecta	0.095849373574104	104244.0	345	33	0.0956521739130434	266784621
Bombus_impatiens	Insecta	0.118046425702541	72140.0	248	5	0.0201612903225806	246856484
Bombus_terrestris	Insecta	0.115542966406799	59894.0	176	10	0.0568181818181818	248654244
Bombus_vancouverensis_nearcticus	Insecta	0.114447297665053	116913.0	368	52	0.1413043478260869	282133710
Bombyx_mori	Insecta	0.046404979590309	863819.0	759	172	0.2266139657444005	481819406
Chelonus_insularis	Insecta	0.047692453536819	35554.0	206	10	0.0485436893203883	135730493
Cimex_lectularius	Insecta	0.043450999548083	751644.0	852	17	0.0199530516431924	510848842
Contarinia_nasturtii	Insecta	0.045872817264145	42093.0	302	42	0.1390728476821192	185885008
Cryptotermes_secundus	Insecta	0.050312541961087	2081697.0	968	57	0.0588842975206611	1018932804
Ctenocephalides_felis	Insecta	0.053949061865078	1399485.0	1059	51	0.0481586402266288	775452550
Cyphomyrmex_costatus	Insecta	0.076743821293857	197484.0	742	61	0.082210242587601	300316566
Drosophila_albomicans	Insecta	0.03994630826054	66026.0	293	33	0.1126279863481228	165846275
Drosophila_ananassae	Insecta	0.038506350928132	166248.0	762	84	0.1102362204724409	217108776
Drosophila_biarmipes	Insecta	0.048102328168119	96209.0	555	34	0.0612612612612612	169378599
Drosophila_bipectinata	Insecta	0.037912734783475	89510.0	507	49	0.0966469428007889	167263958
Drosophila_elegans	Insecta	0.047623575895708	65787.0	475	26	0.0547368421052631	171267669
Drosophila_erecta	Insecta	0.062538743011101	40218.0	360	39	0.1083333333333333	146538397
Drosophila_eugracilis	Insecta	0.02977118784767	57302.0	483	34	0.0703933747412008	156942009
Drosophila_ficusphila	Insecta	0.034290402001891	38041.0	343	58	0.1690962099125364	152439475
Drosophila_guanche	Insecta	0.051184540696013	52331.0	187	31	0.1657754010695187	140653667
Drosophila_hydei	Insecta	0.038701924522515	23172.0	116	10	0.0862068965517241	153741574
Drosophila_innubila	Insecta	0.037668037594666	107661.0	367	24	0.0653950953678474	167978031
Drosophila_kikkawai	Insecta	0.030470317423323	62145.0	446	50	0.1121076233183856	164292578
Drosophila_mauritiana	Insecta	0.047413063168764	41332.0	375	77	0.2053333333333333	152313266
Drosophila_melanogaster	Insecta	0.047954248725159	38849.0	425	60	0.1411764705882353	143726002
Drosophila_novamexicana	Insecta	0.042583353179418	89990.0	339	19	0.0560471976401179	177223868
Drosophila_obscura	Insecta	0.065760065459858	68155.0	409	26	0.0635696821515892	181868570
Drosophila_persimilis	Insecta	0.053442513383031	104694.0	528	98	0.1856060606060606	195512972
Drosophila_sechellia	Insecta	0.0654931572144	40631.0	393	69	0.1755725190839694	154170815
Drosophila_serrata	Insecta	0.035189275624428	88830.0	368	44	0.1195652173913043	198035861
Drosophila_simulans	Insecta	0.047703226024646	20932.0	207	32	0.1545893719806763	124963774
Drosophila_suzukii	Insecta	0.040543193491232	135756.0	726	43	0.059228650137741	232923092
Drosophila_takahashii	Insecta	0.045868512179358	119823.0	554	82	0.148014440433213	182106768
Drosophila_virilis	Insecta	0.041463181287443	120911.0	417	27	0.0647482014388489	189443829
Galleria_mellonella	Insecta	0.040259258315498	1153874.0	754	22	0.0291777188328912	401914826
Hyposmocoma_kahamanoa	Insecta	0.045170667014056	1809375.0	1559	56	0.0359204618345093	731440758
Lucilia_cuprina	Insecta	0.031819923060612	543129.0	901	29	0.0321864594894561	378290214
Manduca_sexta	Insecta	0.041930526557126	528232.0	519	36	0.0693641618497109	419424057
Megachile_rotundata	Insecta	0.059369457425288	92582.0	358	31	0.0865921787709497	272660569
Melanaphis_sacchari	Insecta	0.055370143250825	85672.0	174	7	0.0402298850574712	300271876
Myzus_persicae	Insecta	0.047831920398154	149578.0	349	4	0.0114613180515759	347313470
Nasonia_vitripennis	Insecta	0.043994963620045	143757.0	477	27	0.0566037735849056	297309692
Neodiprion_lecontei	Insecta	0.043153158811374	85237.0	390	9	0.023076923076923	239677193
Nicrophorus_vespilloides	Insecta	0.047988823959784	114938.0	333	14	0.042042042042042	195273382
Orussus_abietinus	Insecta	0.044308543554376	123658.0	427	10	0.0234192037470726	186398216
Osmia_bicornis_bicornis	Insecta	0.078070680570215	102332.0	594	75	0.1262626262626262	210591136
Osmia_lignaria	Insecta	0.084836277662353	47384.0	195	28	0.1435897435897435	177071571
Photinus_pyralis	Insecta	0.045271711730361	644627.0	1656	180	0.108695652173913	471511253
Pieris_rapae	Insecta	0.038895385508937	327405.0	614	38	0.0618892508143322	245886408
Plutella_xylostella	Insecta	0.056859647415403	237036.0	638	146	0.2288401253918495	393470562
Scaptodrosophila_lebanonensis	Insecta	0.048252971869985	203156.0	668	59	0.0883233532934131	247077949
Sitophilus_oryzae	Insecta	0.042951086100203	1398476.0	1570	305	0.1942675159235669	770567808
Thrips_palmi	Insecta	0.063833841320912	267532.0	627	50	0.0797448165869218	237845416
Trachymyrmex_zeteki	Insecta	0.063964011977272	196085.0	612	20	0.0326797385620915	267973152
Trichogramma_pretiosum	Insecta	0.055861039500502	57372.0	293	6	0.0204778156996587	187641947
Vanessa_tameamea	Insecta	0.072035842131114	556220.0	573	33	0.0575916230366492	357124929
Ailuropoda_melanoleuca	Mammalia	0.193097875037171	1890398.0	268	0	0.0	2444077458
Aotus_nancymaae	Mammalia	0.19494673806616	3215607.0	410	0	0.0	2861684817
Bos_taurus	Mammalia	0.185045368103447	3973121.0	371	4	0.0107816711590296	2715853792
Bubalus_bubalis	Mammalia	0.170736227051939	4459294.0	357	1	0.0028011204481792	2655780776
Callithrix_jacchus	Mammalia	0.172297154302264	3110223.0	387	1	0.0025839793281653	2914958544
Callorhinus_ursinus	Mammalia	0.215552946026651	2584770.0	257	1	0.0038910505836575	2706868872
Camelus_dromedarius	Mammalia	0.19002387620999	1254077.0	339	1	0.0029498525073746	2169346739
Camelus_ferus	Mammalia	0.220382558801485	1147021.0	299	0	0.0	2087093976
Canis_lupus_dingo	Mammalia	0.265784570959541	2680674.0	281	1	0.0035587188612099	2439831507
Capra_hircus	Mammalia	0.214872185653207	4048751.0	356	7	0.0196629213483146	2922813246
Castor_canadensis	Mammalia	0.135827672114964	2798301.0	408	1	0.0024509803921568	2518306565
Ceratotherium_simum_simum	Mammalia	0.221069376384713	2355355.0	424	4	0.0094339622641509	2464367180
Chinchilla_lanigera	Mammalia	0.138260640563295	3178621.0	372	1	0.0026881720430107	2390868971
Delphinapterus_leucas	Mammalia	0.240017396871197	2135615.0	374	4	0.0106951871657754	2362774659
Desmodus_rotundus	Mammalia	0.150995274797765	1410824.0	355	3	0.0084507042253521	2063808397
Enhydra_lutris_kenyoni	Mammalia	0.19419832039142	2583259.0	276	1	0.0036231884057971	2455276666
Equus_caballus	Mammalia	0.143916951878468	2063162.0	410	0	0.0	2506966135
Eumetopias_jubatus	Mammalia	0.228444382944754	2529707.0	305	2	0.0065573770491803	2418263165
Felis_catus	Mammalia	0.190946099261154	2711959.0	306	1	0.0032679738562091	2521863845
Globicephala_melas	Mammalia	0.222814606061459	2056549.0	327	2	0.0061162079510703	2333870982
Gorilla_gorilla_gorilla	Mammalia	0.217813016226421	3208702.0	403	1	0.0024813895781637	3044872214
Grammomys_surdaster	Mammalia	0.130674815425561	2398251.0	467	7	0.0149892933618843	2412664998
Hylobates_moloch	Mammalia	0.228427344647811	3013229.0	414	0	0.0	2848329432
Lagenorhynchus_obliquidens	Mammalia	0.216964306222481	2002108.0	328	1	0.0030487804878048	2334467171
Lontra_canadensis	Mammalia	0.176357499538067	2476956.0	256	2	0.0078125	2405748306
Macaca_fascicularis	Mammalia	0.195803802068916	3244428.0	428	5	0.0116822429906542	2946843737
Macaca_mulatta	Mammalia	0.227341891347625	3393338.0	454	1	0.0022026431718061	2971331530
Macaca_nemestrina	Mammalia	0.283242533349218	3340498.0	429	1	0.0023310023310023	2948703511
Marmota_flaviventris	Mammalia	0.194521932117934	3094038.0	377	6	0.0159151193633952	2581355786
Mesocricetus_auratus	Mammalia	0.123639337005673	2632132.0	456	1	0.0021929824561403	2504925039
Mirounga_leonina	Mammalia	0.225440880492605	2698437.0	294	0	0.0	2417320305
Monodon_monoceros	Mammalia	0.274344096689785	2013040.0	351	2	0.0056980056980056	2355574979
Nomascus_leucogenys	Mammalia	0.191487982148198	3285836.0	384	0	0.0	2843982884
Odocoileus_virginianus_texanus	Mammalia	0.167522626090607	3482618.0	357	0	0.0	2380505687
Ornithorhynchus_anatinus	Mammalia	0.090606602347432	5989671.0	428	0	0.0	1858552590
Ovis_aries	Mammalia	0.186770609235852	4398234.0	418	3	0.0071770334928229	2869914396
Pan_paniscus	Mammalia	0.26068896451512	3316732.0	390	0	0.0	3051901337
Pan_troglodytes	Mammalia	0.259516649573289	3343853.0	452	1	0.0022123893805309	3050398082
Papio_anubis	Mammalia	0.2493587971539	3223022.0	391	1	0.0025575447570332	2869821163
Phoca_vitulina	Mammalia	0.200364496211328	2638607.0	316	1	0.0031645569620253	2363596144
Phocoena_sinus	Mammalia	0.256386387171709	2169872.0	360	4	0.0111111111111111	2371524154
Pongo_abelii	Mammalia	0.201956496316074	3380947.0	435	1	0.0022988505747126	3065035716
Rattus_norvegicus	Mammalia	0.11934638442026	3147188.0	515	7	0.0135922330097087	2870184193
Rhinopithecus_roxellana	Mammalia	0.21371973963923	3490127.0	425	1	0.0023529411764705	3038477066
Rousettus_aegyptiacus	Mammalia	0.153523437822323	1033248.0	322	1	0.0031055900621118	1910250568
Sapajus_apella	Mammalia	0.179720112633741	3073728.0	394	2	0.0050761421319796	2729201088
Sarcophilus_harrisii	Mammalia	0.114235946642796	4440537.0	528	3	0.0056818181818181	3086674442
Theropithecus_gelada	Mammalia	0.23504504960308	3403644.0	447	4	0.0089485458612975	2889630685
Urocitellus_parryii	Mammalia	0.171129344241862	2463740.0	357	4	0.011204481792717	2520505282
Ursus_arctos_horribilis	Mammalia	0.205807489991438	2193040.0	299	4	0.0133779264214046	2328659882
Vulpes_vulpes	Mammalia	0.176727509813861	2631104.0	240	0	0.0	2421568072
Crassostrea_gigas	OtherInvertebrates	0.057116124367307	673010.0	1112	47	0.0422661870503597	647887097
Crassostrea_virginica	OtherInvertebrates	0.051212089037365	485595.0	447	38	0.0850111856823266	684741128
Mizuhopecten_yessoensis	OtherInvertebrates	0.06176015648534	778621.0	771	36	0.046692607003891	987568220
Octopus_sinensis	OtherInvertebrates	0.055696498527533	7890754.0	1293	51	0.0394431554524361	37057033
Pecten_maximus	OtherInvertebrates	0.053954544558468	687309.0	739	62	0.0838971583220568	918306378
Pomacea_canaliculata	OtherInvertebrates	0.084363319376486	225096.0	622	46	0.0739549839228295	440159624
Drosophila_pseudoobscura		0.056591351715184	51754.0	305	30	0.0983606557377049	163282969
Lates_calcarifer		0.117105085277622	373822.0	534	35	0.0655430711610486	668481366
Parambassis_ranga		0.10763200244978	295441.0	728	147	0.2019230769230769	551012959
Salvelinus_sp._IW2-2015		0.138021647000309	2792959.0	1374	50	0.0363901018922852	2169553147
